-- phpMyAdmin SQL Dump
-- version 5.1.1
-- https://www.phpmyadmin.net/
--
-- Servidor: 127.0.0.1:3306
-- Tiempo de generación: 04-05-2023 a las 17:37:16
-- Versión del servidor: 10.5.19-MariaDB-cll-lve
-- Versión de PHP: 7.2.34

SET SQL_MODE = "NO_AUTO_VALUE_ON_ZERO";
START TRANSACTION;
SET time_zone = "+00:00";


/*!40101 SET @OLD_CHARACTER_SET_CLIENT=@@CHARACTER_SET_CLIENT */;
/*!40101 SET @OLD_CHARACTER_SET_RESULTS=@@CHARACTER_SET_RESULTS */;
/*!40101 SET @OLD_COLLATION_CONNECTION=@@COLLATION_CONNECTION */;
/*!40101 SET NAMES utf8mb4 */;

--
-- Base de datos: `u765647919_sabuesos`
--

--
-- Volcado de datos para la tabla `cliente`
--

INSERT INTO `cliente` (`idcliente`, `nombre`, `apellido`, `direccion`, `celular`, `estado`, `cuit`) VALUES
(1, 'publico general', 'S/A', '', '', 1, '20397385028'),
(2, 'JONI', 'asalle', 'la merced', '3888604355', 1, '20397385028'),
(3, 'DESPENSA AL PASO', 'S/N', 'Bº PERON', '3888529708', 1, ''),
(4, 'VALDIVIA DESPENSA', 'DESPENSA ESQUINA', 'Bº NESTOR KIRCHNER', '388850167', 1, ''),
(5, 'TERESA CARDOZO', 'DESPENSA VUELTA VALERIA', 'BºNestor Kirchner', '3888443571', 1, ''),
(6, 'PINAYA', 'DESPENSA NARANJA', 'Bº PERON', '1', 1, ''),
(7, 'NORMA ', 'S/N', 'Bº INDEPENDIENTE FRENTE CANCHA', '3888512344', 1, ''),
(8, 'ENIL DESPENSA', 'S/N', 'Bº INDEPENDIENTE FRENTE PORTON', '3888435038', 1, ''),
(9, 'JAIRO ', 'MAMANI', 'USPALLATA ESQ. LAVALLE Bº CERCA NUEVA CIUDAD', '3888567785', 1, ''),
(10, 'MARINA SUPER', 'S/N', 'SUPER ESQUINA Bº SAN ANTONIO', '3888611714', 1, ''),
(11, 'MONICA ', 'NIEVA MERCADITO', 'Bº CONSENITINI MAS ADELANTE ESPINOZA', '3888670686', 0, ''),
(12, 'SANCHEZ DESPENSA', 'S/N', 'Bº LIBERTAD', '3888689424', 1, ''),
(13, 'VANESSA ', 'DESPENSA VUELTA GUSTAVO', 'Bº 1º DE AGOSTO', '3888633613', 1, ''),
(14, 'SOLEDAD', 'ARROYO', 'DESPENSA ESQUINA Bº 1º DE AGOSTO DIAGONAL PLAZA', '1', 1, ''),
(15, 'FABIOLA', 'CRUZ', 'Bº 1º DE AGOSTO FRENTE PLAZA', '1', 1, ''),
(16, 'SIRILA ', 'S/S', 'DESPENSA DOBLE PISO Bº DIVINO NIÑO', '3888417536', 1, ''),
(17, 'EL RASCABUCHE', 'S/N', 'ENTRADA 25 DE MAYO Bº DIVINO NIÑO', '1', 1, ''),
(18, 'MARGARITA', 'S/N', 'DESPENSA FINAL Bº PARAPETI', '1', 1, ''),
(19, 'LUCINDA', 'S/N', 'AV. SAN LUIS ANTES SANTA FE Bº PROVIDENCIA', '1', 1, ''),
(20, 'VERA DESPENSA', 'S/N', 'AV. SAN LUIS PASANDO SANTA FE Bº PROVIDENCIA', '3888458451', 1, ''),
(21, 'ANA ', 'ANZOATEGUI', '9 DE JULIO ANTES COLO Bº LA ESPERANZA', '3888613439', 1, ''),
(22, 'LILIANA RODRIGUEZ', 'RODRIGUEZ', 'DESPENSA ESQUINA Bº AZUCARERO', '3888400169', 1, ''),
(23, 'DESPENSA SILVIA', 'S/N', 'AV. SAN LUIS ESQ. FORMOSA Bº BELGRANO', '425605', 1, ''),
(24, 'SIMONA ', 'DESPENSA', 'AV. FORMOSA ANTES METROPOLIS Bº BELGRANO', '1', 1, ''),
(25, 'BEATRIZ ', 'MEDINA', 'DESQUINA ESQUINA SOL VIDOVICH Bº DIVINO NIÑO', '1', 1, ''),
(26, 'MARCOS EL PARADOR (DESPENSA)', 'DESPENSA EL PARADOR', 'AV. PRINCIPAL ENTRADA M1 L5 Bº LIBERTAD', '3888509389', 1, ''),
(27, 'VASILIA', 'DESPENSA', 'ACACIAS 1307 Bº PROVIDENCIA', '3888401324', 1, ''),
(28, 'JUAN LUIS', 'S/N', 'S/N', '1', 1, ''),
(29, 'daiana ', 'valdiviezo', 'formosa nº20 Bº Belgrano', '3888528080', 1, ''),
(30, 'ESPERANZA', 'SANCHEZ', 'ALSINA Nº66 Bº CENTRO', '3888527380', 1, ''),
(31, 'florencia carranza', 's/n', 'Acacias esq. algarrobo 1603', '3888600789', 1, ''),
(32, 'MONICA CARABAJAL', '2/N', 'FEDERIK 125 Bº BERNACHI', '3888407636', 1, ''),
(33, 'PAULA RUIZ', 'S/N', 'FORRAJERIA Bº LAS MADERAS', '3888340506', 1, ''),
(34, 'ANDREA SOSA', 's/n', 'CLAVERIE (FRENTE DE LA ESCUELA)', '3888437444', 1, ''),
(35, 'Quispe Imelda (despensa)', '', 'Cerca Cementerio', '1164293666', 1, ''),
(36, 'Roelfa II', '', 'Paterson antes velez sarfield', '3888521987', 1, ''),
(37, 'ORTIZ CABANA (PARTICULAR)', '', 'CLAVERIE Nº725     Bº ZARZOSO', '3888414420', 1, ''),
(38, 'GIRA DESPENSA LALITO', '', 'AV. PRINCIPAL Bº EJERCITO', '3888430346', 1, ''),
(39, 'MARIA ROJAS (DESPENSA)', '', 'GRAL. AZOPARDO ESQ. LOS ANDES Bº EJERCITO', '3888465836', 1, ''),
(40, 'CARDENAS NOELIA', '', 'DESPENSA VERDE Bº EJERCITO', '3888447019', 1, ''),
(41, 'CARDENAS ELIANA (DESPENSA AZUL)', '', ' Bº EJERCITO', '1', 1, ''),
(42, 'BOLIVAR NAHUEL (DESPENSA)', '', 'AV.LIBERTADOR ESQ. TABLADA Bº LA MERCED', '1', 1, ''),
(43, 'RITA CARTAGENA (VIRGEN DEL VALLE)', '', 'AV.LIBERTADOR ESQ. CIUDADELA Bº LA MERCED', '1', 1, ''),
(44, 'ROBERTO DE MELO (DESPENSA ROJA)', '', 'HIGGINS Bº LA MERCED', '3888547074', 1, ''),
(45, 'DESPENSA PABLITO ', '', 'AV.LIBERTADOR 416 Bº LA MERCED', '1', 1, ''),
(46, 'PAREDES (DESPENSA REJAS VERDE)', '', 'FRANCISCO RAMIREZ Bº LA MERCED', '3888400442', 1, ''),
(47, 'RAQUEL CRUZ (DESPENSA NARANJA)', '', 'AV.LIBERTADOR ESQ. SAN NICOLAS Bº LA MERCED', '1', 1, ''),
(48, 'IVAN CHOROLQUE (VERDULERIA)', '', 'AV.LIBERTADOR ESQ. TABLADA Bº MERCED', '3888316715', 1, ''),
(49, 'RENE (VERDULERIA)', '', 'VUELTA ESC. Bº BERNACHI', '3888562792', 1, ''),
(50, 'lidia (despensa) ', '', 'claverie esq. ramirez Bº sarzoso', '1', 1, ''),
(51, 'BUSTAMANTE ', '', 'MATEO ESQ. SALENT-Bº HORACIO GUZMÁN', '3888667852', 1, ''),
(52, 'MONTERO (CERCA GRIDO)', '', 'ESPINOZA Bº BERNACHI', '3888548062', 1, ''),
(53, 'MERCADITO POLONIA Z', '', 'PERU ESQ. ALASKA Bº SANTA ROSA', '3888507759', 1, ''),
(54, 'VIRGINIA RODRIGUEZ BARRIOS', '', 'CANADA ANTES VENEZUELA Bº SANTA ROSA', '3888554183', 1, ''),
(55, 'JOSE INDU (DESPENSA)', '', 'URUGUAY FRENTE IGLESIA', '3888661631', 1, ''),
(56, 'DANIEL (DESPENSA)', '', 'PARAGUAY Bº 14 DE ABRIL', '3888553191', 1, ''),
(57, 'KINDER INDU (DESPENSA)', '', 'PARAGUAY Bº 14 DE ABRIL', '3888560990', 1, ''),
(58, 'ORTEGA LIDIA (DESPENSA)', '', 'DIAZ VELEZ 361 Bº EJERCITO', '3888684553', 1, ''),
(59, 'GUADA PEREZ (PARTICULAR)', '', 'SAN ROQUE 35 Bº SAN CAYETANO', '3888309691', 1, ''),
(60, 'IVANA CARDOZO (VETERINARIA)', '', 'FORMOSA ANTES PLAZA Bº BELGRANO', '1', 1, ''),
(61, 'GRISELDA (FORRAJERIA)', '', 'TELLO ESQ. MITRE', '1', 1, ''),
(62, 'NAZARENA MANSILLA (PARTICULAR)', '', 'LOTE MIRAFLORES Bº LA ESPERANZA', '3888562429', 1, ''),
(63, 'ferreyra ruben armando', '', 'av. 25 de mayo', '1', 1, ''),
(64, 'ismael ', '', 's/d', '1', 1, ''),
(65, 'augusto baillo', '', 'frente plaza las madres Bº roberto sancho', '3884640783', 1, ''),
(66, 'Florencia Rios', '', 'Gino antes casa palenque', '3888508590', 1, ''),
(67, 'PABLO DAVID', '', 'LOS AMOROS 17 Bº JARDIN', '3515494335', 1, ''),
(68, 'elias leaños', '', 'san jorge 555 bº san cayetano', '3888679466', 1, ''),
(69, 'comestible torrejon', '', 'uruguay frente iglesia Bº centro', '1', 1, ''),
(70, 'soruco maria', '', 'bº santa cecilia', '1', 1, ''),
(71, 'Sarate (despensa doble piso)', '', 'frente plaza 1º de agosto', '1', 1, ''),
(72, 'vilma cavero', '', 'diagonal sanchez Bº libertad', '1', 1, ''),
(73, 'EZEQUIEL CRUZ (DESPENSA)', '', 'M4 L1 Bº LIBERTAD VUELTA SANCHEZ', '1', 1, ''),
(74, 'SOLEDAD AYARDE (DESPENSA)', '', 'Bº FELLNER  PORTON VERDE', '1', 1, ''),
(75, 'BAUTISTA PATRICIA (DESPENSA)', '', 'Bº FELLNER  PORTON NEGRO', '3888603990', 1, ''),
(76, 'MONICA NIEVA (DESPENSA)', '', 'Bº CONSENTINI ', '3888670686', 1, ''),
(77, 'SUAREZ LUIS (DESPENSA)', '', 'PASAJE M13 L7 Bº NESTOR KIRCHNER', '3888430668', 1, ''),
(78, 'MARIA LOPEZ (DESPENSA)', '', 'ESQUINA Bº LA ESPERANZA', '3888517268', 1, ''),
(79, 'ANA ANZOATEGUI (DESPENSA)', '', 'ENTRADA Bº LA ESPERANZA', '3888613439', 1, ''),
(80, 'CARMEN HUMANO (PARTICULAR)', '', 'LA RIOJA 17 Bº BELGRANO', '3888439681', 1, ''),
(81, 'GUERRERO LAURA (PARTICULAR)', '', 'MANZANA E LOTE 17 Bº CONSENTINI', '3888509955', 1, ''),
(82, 'CRUZ JUAN CARLOS (DESPENSA)', '', 'PACARA 1737 Bº PROVIDENCIA', '3888514026', 1, ''),
(83, 'JUAN MONTERO (DESPENSA)', '', '9 DE JULIO Bº PROVIDENCIA', '3888510707', 1, ''),
(84, 'ANA ALVARADO', '', 'LA RIOJA 24 Bº BELGRANO', '3888438883', 1, ''),
(85, 'RAMONA (DESPENSA)', '', 'FORMOSA ANTES YAVI Bº BELGRANO', '1', 1, ''),
(86, 'MARIANA VILTE (DESPENSA)', '', 'SAN LUIS ESQ. SANTA FE Bº PROVIDENCIA', '3888563686', 1, ''),
(87, 'RAMON DIAZ (DESPENSA)', '', 'TARCOS ESQ. FORMOSA Bº GUEMES', '3888503205', 1, ''),
(88, 'CINTIA JAIME (DESPENSA)', '', '9 DE JULIO Bº PROVIDENCIA', '1', 1, ''),
(89, 'ELVIRA CAVERO (DESPENSA)', '', 'URUGUAY FRENTE FERRETERIA', '3888540934', 1, ''),
(90, 'MIRIAM POLLERÍA', '', 'ALSINA- Bº LAS MADERAS', '1', 1, ''),
(91, 'luciana (particular)', '', 'esquina Bº Soledad', '1', 1, ''),
(92, 'CAMILA LOAYZA (DESPENSA)', '', 'POSTA DE YATASTO Nº386 B1 EJERCITO', '3888435501', 1, ''),
(93, 'ANDREA', '', 'LOCALIDAD PIQUETE', '1', 1, ''),
(94, 'EDUARDO (SUPER MERCADO)', '', 'TARCOS ESQ. SANTOS VEGA', '3888611791', 1, ''),
(95, 'ABRAHAM CORTEZ (FORRAJERIA)', '', 'BRASIL ESQ. ECUADOR Bº SANTA ROSA', '1', 1, ''),
(96, 'retamozo alfredo', '', 'Bº eva peron m4 lote 2', '1', 1, ''),
(97, 'jimena arjona (particular)', '', 'Las malvinas 282 bº23 de Agosto', '3512174824', 1, ''),
(98, 'VANESA FRIAS', '', 'Bª Guzman undiano 696', '3888516528', 1, ''),
(99, 'FABIAN TUQUINA (PARTICULAR)', '', 'LOS GLADIOLOS 135 Bº SAN FRANCISCO', '3888661011', 1, ''),
(100, 'MANSILLA (DESPENSA)', '', 'GRAL DORREGO Bº EJERCITO', '3888685215', 1, ''),
(101, 'DELIA ARMATA (DESPENSA)', '', 'AV. LIBERTADOR ESQ. CONSTITUYENTE Bº MERCED', '1', 1, ''),
(102, 'JULIA PEREZ (DESPENSA)', '', 'TRATADO DE PILAR 224 Bº MERCED FRENTE PLAZA', '3888431650', 1, ''),
(103, 'GUTIERREZ (DESPENSA)', '', 'DEPARTAMENTOS Bº SAN JOSE', '3888310802', 1, ''),
(104, 'VIVIANA ALVAREZ (DESPENSA)', '', 'SCARO ESQ. UNDIANO Bº BERNACHI', '3888617782', 1, ''),
(105, 'OMAR BALCARCE (DESPENSA)', '', 'Pasaje machuca 681 diagonal soda ríos B° Guzmán ', '1', 1, ''),
(106, 'DESPENSA DANIEL ', '', 'Ecuador antes Venezuela B° santa rosa ', '1', 1, ''),
(107, 'CAROLINA ZURITA (DESPENSA)', '', 'Bº ZARSOSO', '3888317499', 1, ''),
(108, 'EL BAMBINO (COQUERO)', '', 'ESPINOZA FRENTE CICLO Bº BERNACHI', '1', 1, ''),
(109, 'MARIANELA (PARTICULAR)', '', 'DIAZ VELEZ 119 Bº EJERCITO ', '3888607550', 1, ''),
(110, 'RAMON ARNEDO (FORRAJERIA)', '', 'CORBACHO 127 Bº GUZMAN', '3888424541', 1, ''),
(111, 'LABRA CRISTIAN (PARTICULAR)', '', 'GRAL. MOSCONI 605 ESQ. 9 DE JULIO Bº PALOMAR', '3888529773', 1, ''),
(112, 'RUIZ (FORRAJERIA)', '', 'AV. HIPOLITO IRIGOYEN ', '3888528505', 1, ''),
(113, 'VILLEGAS (DESPENSA)', '', 'FRENTE PLAZA Bº 1º DE AGOSTO', '1', 1, ''),
(114, 'MONICA MAMANI (DESPENSA)', '', 'AV. SAN JOAQUIN M10 L10 Bº DIVINO NIÑO', '3888504161', 1, ''),
(115, 'VICTOR HUGO CORTEZ (DESPENSA)', '', 'MANZ 22 LOTE 14 Bº DIVINO NIÑO', '1', 1, ''),
(116, 'CRUZ FABIOLA (DESPENSA) ', '', 'MANZ 4 LOTE 12 Bº 1º DE AGOSTO ', '1', 1, ''),
(117, 'HELADERIA VIA BANA (PARTICULAR)', '', 'MARTIN FIERRO 1774 Bº PROVIDENCIA', '3888660364', 1, ''),
(118, 'ALEJANDRA CORBALAN (FORRAJERIA)', '', 'AV. RAUL ALFONSIN Bº SANTA CECILIA', '3884349917', 1, ''),
(119, 'GIANINA SERAFINI (PARTICULAR)', '', 'FEDERICK 106 Bº BERNACHI', '3888560935', 1, ''),
(120, 'maxi ceballos (forrajeria)', '', 'Av. Hipólito Yrigoyen 171 BºCentro', '3888675578', 1, ''),
(121, 'Guadalupe Cabezas (despensa)', '', 'PIQUETE', '1', 1, ''),
(122, 'Catalina Reynaldez (despensa cerámico marrón)', '', 'Pacto San Jose de Flores 224 Bº la Merced', '1', 1, ''),
(123, 'Fiambreria Rody ', '', 'Claverie antes Barbesini Bº Guzmán', '3888660585', 1, ''),
(124, 'Delfina (despensa diagonal bustamante)', '', 'mateo esq. salent Bº sarzoso', '3888468860', 1, ''),
(125, 'ADRIANA HERRERA (despensa)', '', 'Uruguay esq. Costa Rica Bº Santa Rosa', '3888521003', 1, ''),
(126, 'Liliana Leiva (despensa)', '', 'Costa Rica 141 Bº Santa Rosa', '3888688143', 1, ''),
(127, 'marcela chiripa (despensa blanca)', '', 'Venezuela 244 antes poli Bº Santa Rosa', '3885989599', 1, ''),
(128, 'ROSANA (FORRAJERIA)', '', 'Caseros esq. Viltipoco Bº merced', '3888571876', 1, ''),
(129, 'Sucucho de mimi (despensa)', '', 'Pedro Goyena 68 Bº centro', '3888685575', 1, ''),
(130, 'Luciana Castaño (particular)', '', 'manz 22 lote 18 Bº Soledad', '3885172274', 1, ''),
(131, 'Paulo Tolay (despensa)', '', 'manz 4 lote 26 Bº divino niño', '3888553646', 1, ''),
(132, 'martin gimenez (despensa verde)', '', 'manz 1 lote 31 1º agosto frente e feria', '1', 1, ''),
(133, 'jairo mamani (despensa)', '', 'manz 6 lote 1 bº 17 agosto', '3888567785', 1, ''),
(134, 'espinoza (carniceria roja)', '', 'antes nieva Bº Consentini', '3888437796', 1, ''),
(135, 'fernando (despensa)', '', 'bº libertad', '3888341083', 1, ''),
(136, 'farmacia la esperanza (particular)', '', 's/n', '1', 1, ''),
(137, 'VALERIA CAMPBELL (DESPENSA)', '', 'Bº SOLEDAD M21 L4', '3888671708', 1, ''),
(138, 'Rocio Zambrana (despensa)', '', '195 viviendas M13 L13', '3888634980', 1, ''),
(139, 'Sonia Araez (particular)', '', 'MIGUEL ARAOZ 179 Bº Centro antes mitre', '3888416341', 1, ''),
(140, 'Monica  Calderon', '', 'Prolongaciòn Pedro Goyena 564', '3888315932', 1, ''),
(141, 'Luis Tolaba (particular)', '', 'Bº Azucarero M24 L13', '3888442236', 1, ''),
(142, 'Carolina Campos (particular)', '', 'Bºcosentini man12lote 7', '3888656448', 1, ''),
(143, 'Norma Tarcaya', '', 'Mendita', '1', 1, ''),
(144, 'CATAN CINTIA (DESPENSA)', '', 'AV. 24 DE SEPTIEMBRE ESQ. DIAZ VELEZ B°EJERCITO', '3888659196', 1, ''),
(145, 'DANIEL DELGADO (CARNICERIA)', '', 'LA PRIDA 36 B° LA MERCED', '3888676921', 1, ''),
(146, 'MARIA PROTECTORA', '', 'TELLO ANTES ANSES', '1', 1, ''),
(147, 'JOSE LEDESMA (PARTICULAR)', '', 'alberdi 131 bº centro local TABU', '3888657575', 1, ''),
(148, 'SOLEDAD ARROYO (DESPENSA ESQUINA)', '', 'FRENTE PLAZA Bº 1º DE AGOSTO', '1', 1, ''),
(149, 'SORUCO MARIA (DESPENSA)', '', 'MANZ 5 LOTE 19 Bº SANTA CECILIA', '1', 1, ''),
(150, 'SEBASTIAN RODRIGO TORRES', '', 'CUBA 446 Bº SANTA ROSA', '3888566956', 1, ''),
(151, ' SIRLEY (PIQUETE)', '', 'AV. CHACO Bº SAN CAYETANO', '3888666627', 1, ''),
(152, 'Abigail Arias', '', 'Rodeito', '1', 1, ''),
(153, 'Norma Guanca', '', 'AVENIDA DEL TRABAJO. BARRIO DE LA TUPAC MANZANA 13 LOTE 4', '', 1, ''),
(154, 'vilma mamani (despensa)', '', 'Av. Libertador esq. Directorio Bº Merced', '3888522180', 1, ''),
(155, 'despensa la popular', '', 'Alsina 209  Bº Horacio Guzman', '1', 1, ''),
(156, 'CARLOS RODRIGUEZ (REVENDEDOR)', '', '24 DE MAYO ESQ. SAN PANTALEON FRAILE PINTADO', '3886629360', 1, ''),
(157, 'ANA BELEN RODRIGUEZ', '', 'AV. SIRIA 79', '3888519376', 1, ''),
(158, 'ANA KARINA (PARTICULAR)', '', 'PERÚ 149', '3888502953', 1, ''),
(159, 'JUAN MANUEL FORCA', '', 'TELLO (ANTES DE LA CLÍNICA AVENIDA)', '3888523309', 1, ''),
(160, 'LEANDRO LUNA', '', 'Bº 48 VIVIENDAS MZA 7 LOTE 1', '3888410122', 1, ''),
(161, 'VICTOR ALEJANDRO REYNAGA', '', 'MZA 18 LOTE 23 B° TUPAC', '3888474438', 1, ''),
(162, 'EVANGELINA ORTEGA (PARTICULAR)', '', 'M23 L19 Bº SOLEDAD', '3888657504', 1, ''),
(163, 'FERNANDA BENITEZ (PARTICULAR)', '', 'Cochinoca 478 B° providencia', '3888404348', 1, ''),
(164, 'ROSANA JUAREZ (DESPENSA)', '', 'Ecuador 431 Bº SANTA ROSA ', '1', 1, ''),
(165, 'CECILIA ORTIZ (DESPENSA)', '', 'M6 L2 Bº SDANTA CECILIA', '0', 1, ''),
(166, 'VALERIA MOSCOSO (PARTICULAR)', '', 'VICTOR BARROJO M AP6 L 5 Bº SANTA CECILIA', '3888417995', 1, ''),
(167, 'PESCADERIA (PARTICULAR)', '', 'M 9 L 19 Bº LIBERTAD', '3888505717', 1, ''),
(168, 'PIBE (PARTICULAR)', '', 'Bº INDEPENDIENTE ', '3885219905', 1, ''),
(169, 'MARTIN PAREDES', '', 'ALSINA 288 Bº BERNACHI', '3888423406', 1, ''),
(170, 'DEBORA RODRIGUEZ (PARTICULAR)', '', 'COLOMBIA 35 Bº SANTA ROSA', '3888549499', 1, ''),
(171, 'BEATRIZ SOSA (PARTICULAR)', '', 'PROSPERO NIEVA ESQ. MARCELO BAROVERO Bº ILLIA', '3888689514', 1, ''),
(172, 'CHAVEZ IVAN', '', 'ALSINA 159 Bº BERNACHI', '3888633172', 1, ''),
(173, 'JESUS FERNANDEZ (DESPENSA)', '', 'Puerto argentino 586 B° Patricios', '3888505602', 1, ''),
(174, 'Sandra Vilca despensa ', '', 'Puerto argentino 459 B° Patricios', '3888433620', 1, ''),
(175, 'Barros Sebastian (DESPENSA)', '', 'Puerto argentino 701 B° Patricios', '1', 1, ''),
(176, 'Pablo Martín juarez (PARTICULAR)', '', 'M AP3 L 23 Bº PRESIDENTE PERON NUEVO LOTEO', '3888607797', 1, ''),
(177, 'VERA MARIA ESTHER (PARTICULAR)', '', 'Fascio.  371 Bº CENTRO', '3888567481', 1, ''),
(178, 'CHAILE RAMON (DESPENSA)', '', 'M2 L19 Bº 15 HECTAREAS', '3888465583', 1, ''),
(179, 'MARIANA BARRIOS (PARTICULAR)', '', 'PJE CARREÑO 277 Bº BERNACHI', '3888561885', 1, ''),
(180, 'MONTERO VICTOR (DESPENSA)', '', 'SCARO Bº BERNACHI', '1', 1, ''),
(181, 'MAXI SERRANO', '', 'LOCALIDAD LA MENDIETA', '3888658693', 1, ''),
(182, 'BAZAN SUSANA', '', 'M 7 L13 Bº JUAN PABLO SEGUNDO', '3888317300', 1, ''),
(183, 'PRADO ESTELA (DESPENSA)', '', 'M4 L10 Bº PRESIDENTE PERON', '3888518305', 1, ''),
(184, 'QUISPE HUMBERTO (DESPENSA)', '', 'M6 L46 Bº PRESIDENTE PERON', '3888565399', 1, ''),
(185, 'TERESA ROMERO (DESPENSA)', '', 'M21 L12 Bº LIBERTAD', '3888319811', 1, ''),
(186, 'CANEDI EMILIA (PARTICULAR)', '', 'M2 L12 Bº 1º DE AGOSTO', '3888660405', 1, ''),
(187, 'DINA CORRALES (REVENDEDOR)', '', 'COCHINOCA  512 Bº PROVIDENCIA', '3888563939', 1, ''),
(188, 'PRISCILA MORALES (DESPENSA)', '', 'Bº TUPAC M13 L10 ', '3888608045', 1, ''),
(189, 'VALERIA VASQUEZ (PARTICULAR)', '', 'Bº CONSENTINI M 12 L 15', '3888558352', 1, ''),
(190, 'VIRGINIA APARICIO (PARTICULAR)', '', 'Bº HORACIO GUZMÁN CALLE MARTINEZ 241', '3888444549', 1, ''),
(191, 'MAGALI GIL (PARTICULAR)', '', 'ALSINA LOCAL CELULAR', '3888407368', 1, ''),
(192, 'POLLERIA AVE SAN PEDRO (PARTICULAR)', '', 'ARISTOBULO DEL VALLE', '3888436927', 1, ''),
(193, 'ALDANA TREJO (PELUQUERIA)', '', 'MURILLO 214 Bº GUZMAN', '3883290196', 1, ''),
(194, 'LAIME MARIA (DESPENSA)', '', 'FRANCISCO RAMIREZ 373 Bº LA MERCED', '3888305046', 1, ''),
(195, 'MARTINEZ CLAUDIA (DESPENSA)', '', 'PACTO SAN JOSE DE FLORES 174 Bº LA MERCED', '1', 1, ''),
(196, 'MARCOS MONTERO (DESPENSA)', '', 'M4 L9 Bº ARTURO ILLIA', '3888684713', 1, ''),
(197, 'JACOBO BAUTISTA (DESPENSA)', '', 'M22 L37 Bº PRESIDENTE PERON', '3888316924', 1, ''),
(198, 'YOLANDA ROSALES (DESPENSA)', '', 'HUGO GUERRA 848 Bº SARMIENTO FRENTE SUM', '3885070011', 1, ''),
(199, 'SILISQUI ESTHER (DESPENSA)', '', 'M2 L35 Bº LOS LAPACHOS', '3888641730', 1, ''),
(200, 'BEATRIZ MAMANI (PARTICULAR)', '', 'GUTIERREZ 323 Bº SNOPEK', '3888457445', 1, ''),
(201, 'HAYDE GALLO (DESPENSA)', '', 'BARBESINI 81 Bº GUZMAN', '3888563265', 1, ''),
(202, 'PAOLO FRIAS (DESPENSA)', '', 'AV. MATEO 45 Bº GUZMAN FRENTE CANCHA', '3888664498', 1, ''),
(203, 'MARCELO SARMIENTO', '', 'SALTA 343 Bº CENTRO (AL LADO DEL CHANGO MÁS)', '3884578967', 1, ''),
(204, 'PATRICIA DE LUCA', '', 'Bº 23 DE AGOSTO', '3888484197', 1, ''),
(205, 'JUAN MANUEL SCARO (REVENDEDOR)', '', 'PACARA FRENTE PLAZA Bº PROVIDENCIA', '3876123222', 1, ''),
(206, 'DESPENSA MARTINEZ ', '', 'URUGUAY 157', '3888667333', 1, ''),
(207, 'GRACIELA CORDOBA (DESPENSA)', '', 'M5 L20 Bº JUAN PABLO SEGUNDO', '3888417309', 1, ''),
(208, 'JOSÉ MARTINEZ', '', 'VELEZ SARSFIELD 223', '3888455204', 1, ''),
(209, 'JORGE TRUJILLO (DESPENSA)', '', 'ESTANISLAO LOPEZ 653 Bº LA MERCED', '3888606738', 1, ''),
(210, 'CLAUDIO ALFARO(DESPENSA)', '', 'Bº NESTOR KIRCHNER M9 L12 (FRENTE PUENTE)', '3888463980', 1, ''),
(211, 'CLAUDIO ALFARO (DESPENSA)', '', 'Bº NESTOR KIRCHNER M9 L12 (FRENTE PUENTE)', '3888463980', 0, ''),
(212, 'ANA MARIA ESCALANTE', '', 'Bº PRESIDENTE PERON', '3888573528', 1, ''),
(213, 'CACERES OCTAVIO (DESPENSA)', '', 'Bº 1º DE AGOSTO  M2 L3 ', '3888415333', 1, ''),
(214, 'ADRIANA NUÑEZ (DESPENSA)', '', 'Manz 15 lote 1 B° divino niño', '3888511682', 1, ''),
(215, 'LOPEZ RAQUEL (DESPENSA)', '', 'AV.TUPAC ESQ. VUELTA DE OBLIGADO Bº LA MERCED', '1', 1, ''),
(216, 'VALERIA CASTILLO (DESPENSA)', '', 'BºJUAN PABLO SEGUNDO M3 L9', '3888552150', 1, ''),
(217, 'SANTIAGO BARBOZA', '', 'AV. SANCHES DE BUSTAMANTE Bº 9 DE JULIO', '3888504734', 1, ''),
(218, 'DIEGO ELIAS (DESPENSA)', '', 'M5 L11 Bº SOLEDAD', '1', 1, ''),
(219, 'SORUCO DAMIAN (DESPENSA)', '', 'M15 L3 Bº PRESIDENTE PERON', '3888413579', 1, ''),
(220, 'ANA NINAJA', '', 'M7 L13 Bº SAN ROQUE', '3888669980', 1, ''),
(221, 'ENIL POLLERIA', '', 'AV. SIRIA-Bº ROBERTO SANCHO', '3888645226', 1, ''),
(222, 'LIBRERIA ALE-VALEN', '', 'AV.SANCHEZ BUSTAMANTE 7', '3888506970', 1, ''),
(223, 'ALEJANDRO CAYO DESPENSA', '', 'AV. CABILDO |27', '3888307929', 1, ''),
(224, 'ROMEO RODRIGUEZ (DESPENSA)', '', 'AV.BUSTAMANTE ESQ. MIRASOLET 1007 Bº SAN FRANCISCO', '3888683870', 1, ''),
(225, 'LUIS RODRIGUEZ(DESPENSA)', '', 'SANTA BARBARA 115 Bº ALBORNOZ ', '3888686185', 1, ''),
(226, 'MENDEZ MIRIAM (DESPENSA)', '', 'M1 L29 Bº PRESIDENTE PERON (FRENTE PAREDON)', '3888687206', 1, ''),
(227, 'BOLIVAR LORENA (DESPENSA)', '', 'M13 L5 Bº TUPAC (DIAGONAL ROCIO ZAMBRANA)', '3888648317', 1, ''),
(228, 'MANSILLA MARIA (DESPENSA)', '', 'ALSINA 228 Bº GUZMAN', '3888460217', 1, ''),
(229, 'FORRAJERIA EL ABUELO', '', '9 DE JULIO ESQ. AV DEL TRABAJO', '3888563537', 1, ''),
(230, 'FORRAJERIA EL ABUELO', '', '9 DE JULIO ESQ. AV DEL TRABAJO', '3888563537', 0, ''),
(231, 'HUGO FORRAJERIA CARMELA', '', 'LOPEZ Y PLANES 148 Bº 23 DE AGOSTO', '3888674194', 1, ''),
(232, 'CAZON AUSBERTO (DESPENSA)', '', 'M4 L30 Bº DIVINO NIÑO', '3888569002', 1, ''),
(233, 'SUPER ROELFA I', '', 'AV. JUJUY DIAGONAL COMERCIAL', '3888421323', 1, ''),
(234, 'JIMENA CHAVEZ (PARTICULAR)', '', 'M C L4 (CASA AZUL) Bº NUEVA CIUDAD', '3888443701', 1, ''),
(235, 'FLORENCIA ROSSO (PARTICULAR)', '', 'M4 L14 Bº 17 DE AGOSTO', '3888605765', 1, ''),
(236, 'CARNICERIA CAR-GUILL', '', 'AB.BUSTAMANTE 321 Bº SAN FRANCISCO', '1', 1, ''),
(237, 'DESPENSA CRUZ (LA MENDIETA)', '', 'SAFRA Y PATRIA Nº5 Bº PRESIDENTE PERON ', '1', 1, ''),
(238, 'FABIANA CASSASOLA (LA MENDIETA)', '', 'AV. EVA PERON Nº3 ', '3888662495', 1, ''),
(239, 'LIZARRAGA LIDIA (LA MENDIETA)', '', 'AV. EVA PERON Nº2 ', '0', 1, ''),
(240, 'HUGO DELGADO (LA MENDIETA)', '', '23 DE AGOSTO Nº 17 Bº 30 VIVIENDAS', '3888653943', 1, ''),
(241, 'ELENA COLQUE (LA MENDIETA)', '', 'LAVALLE 97 Bº JAKARANDA', '0', 1, ''),
(242, 'FABIO SALAZAR (LA MENDIETA)', '', 'AV. LIBERTADOR 5 FRENTE PLAZA ROTONDA', '3888560705', 1, ''),
(243, 'COSTILLA ANTONELLA (LA MENDIETA) DUGSTORE PLAN B', '', 'AV. RIO GRANDE(CERCA PLAZA 2 DE ABRIL)', '3888571073', 1, ''),
(244, 'DESPENSA VIRGEN DEL VALLE (LA MENDIETA)', '', 'AV. LIBERTAD Nº11', '3888616092', 1, ''),
(245, 'DESPENSA RICARDITO ( LA MENDIETA)', '', 'PERDIS Nº1 Bº LAS AVES', '0', 1, ''),
(246, 'SELAYA ROCIO PARTICULAR ( LA MENDIETA)', '', 'LAS AVES PICAFLOR Nº6', '3888452113', 1, ''),
(247, 'ISAIAS ANACHURI (LA MENDIETA)', '', ' MAIPU 6 ESQ AÑATUYA B°12 DE OCTUBRE', '3888433425', 1, ''),
(248, 'FARFAN ISAC (PARTICULAR)', '', 'BAJO MORALITO M A L28 (VUELTA CEMENTERIO)', '3888545849', 1, ''),
(249, 'CLAUDIA RETAMOZO (DESPENSA)', '', 'SAN LUIS 125 ANTES DALIAS Bº ALBORNOZ', '3888679404', 1, ''),
(250, 'SILVIA CUYO (DESPENSA)', '', 'Av. Juan José Castro ( al lado farmacia )', '3888664817', 0, ''),
(251, 'ELIAS RAMIREZ (DESPENSA)', '', 'Av. Juan José Castro ', '3888319469', 1, ''),
(252, 'CARNICERIA CHUQUI', '', 'Juan Manuel de rosas ', '3888571842', 1, ''),
(253, 'TIENDA BAZAN (DESPENSA)', '', 'Av. José Castro 8', '0', 1, ''),
(254, 'TAPIA BERTA (DESPENSA)', '', 'Gral Perón ', '3888406798', 1, ''),
(255, 'MARIEL SALCEDO DESPENSA (PIQUETE)', '', 'Eva Perón esq. Presidente Perón', '3888562338', 1, ''),
(256, 'LUIS PORTAL DESPENSA (PIQUETE)', '', 'FORMOSA 4-B° 24 DE SEPTIEMBRE ', '3888686395', 1, ''),
(257, 'VERA ANA MARIA DESPENSA (PIQUETE)', '', 'Tarcos cerca aserradero', '3888660990', 1, ''),
(258, 'MARTINEZ GRACIELA (LA MENDIETA)', '', 'LAS BANDERAS M5 L3 Bº 23 DE AGOSTO', '3888663565', 1, ''),
(259, 'EZEQUIEL FERNANDEZ ( LA MENDIETA)', '', 'EJERCITO DEL NORTE Nº1 Bº 23 DE AGOSTO', '3888562973', 1, ''),
(260, 'LA NEGRITA ( LA MENDIETA)', '', '17 DE OCTUBRE Nº2 Bº PRESIDENTE PERON', '3888565029', 1, ''),
(261, 'MIRIAM BEJARANO (LA MENDIETA)', '', 'RECONQUISTA Nº7 FRENTE AL CORREO', '3888430680', 1, ''),
(262, 'DESPENSA PAULINO (SAUZAL)', '', 'SAN JOSE 104 ', '3888664675', 1, ''),
(263, 'LOLA TEJERINA ( LA MENDIETA)', '', 'LOCAL 3 MERCADO MUNICIPAL', '3884070986', 1, ''),
(264, 'EDUARDO CALIZAYA (LA MENDIETA)', '', 'AV. RIO GRANDE Nº35', '3884459350', 1, ''),
(265, 'EMILCE COSTILLAS (LA MENDIETA)', '', 'AV. LIBERTADOR Nº26', '3888315350', 1, ''),
(266, 'LILIANA RUIZ (PARTICULAR)', '', 'ESTANISLAO LOPEZ Nº666 Bº LA MERCED', '3888431541', 1, ''),
(267, 'ELIAN TEJERINA (LA MENDIETA)', '', 'LOS PARAISOS Nº 116', '3888672817', 1, ''),
(268, 'SANTIAGO PONZETTI (PARTICULAR)', '', 'M10 L18 Bº CONSENTINI', '3888664605', 1, ''),
(269, 'DESPENSA ANITA', '', 'AV- CIRIA EN EL MERCADO', '3888515740', 1, ''),
(270, 'ALEJANDRA SANCHEZ (DESPENSA)', '', 'WALTERIO LEACH 14 LA ESPERANZA', '3888618539', 1, ''),
(271, 'NADIA MIRANDA (PARTICULAR)', '', 'AV. JUAN PABLO II M23 L19 Bº MILAGRO', '3888677501', 1, ''),
(272, 'ROSA GALLARDO (DESPENSA)', '', 'SAN JUAN ANTES DALIAS Bº BELGRANO', '3888424072', 1, ''),
(273, 'LAIME FORRAJERIA (SANTA CLARA)', '', 'AV. JOSE CASTRO', '3888566894', 1, ''),
(274, 'REALES HECTOR (DESPENSA NAHIR)', '', 'TUCUMAN (SANTA CLARA)', '3888436620', 1, ''),
(275, 'LIDIA ECHEVERRIA (SANTA CLARA)', '', 'SALTA Nº5 Bº 18 DE NOVIEMBRE', '3888476248', 1, ''),
(276, 'SUPER EL SOLITARIO (SANTA CLARA)', '', 'ALVAREZ PRADO ESQ. SALTA ', '3888489904', 1, ''),
(277, 'CRISTIAN CHOQUE (PIQUETE)', '', 'LOS SEDROS Bº SAN JOSE', '3888618139', 1, ''),
(278, 'ROSA CALLE (DESPENSA PIQUETE)', '', 'SANTA ROSA Bº EL CUADRO', '3888609815', 1, ''),
(279, 'POLLERIA LOLO (LA MENDIETA)', '', 'Juan Ignacio Gorriti B presidente Perón', '3888602212', 1, ''),
(280, 'AURIA FERNANDEZ (LA MENDIETA)', '', 'Los paraisos N9 Bº Hipólito Yrigoyen', '3888664272', 1, ''),
(281, 'LIZARRAGA ALEJANDRO (EL SAUZAL)', '', 'Laura de hichar esquina BºSan Martín', '3888558203', 1, ''),
(282, 'DESPENSA MENDOZA (ANTES GIRA)', '', 'AV. PRINCIPAL Bº EJERCITO NORTE', '3888411767', 1, ''),
(283, 'ARIAS BENJAMIN (POLLERIA)', '', 'COLON 22 LA ESPERANZA', '3888671666', 1, ''),
(284, 'CHOROLQUE PATRICIA (DESPENSA)', '', 'Bº SOLEDAD M4 L8 (MAS ADELANTE VALDIVIA)', '3888619164', 1, ''),
(285, 'LESCANO ANALIA (DESPENSA)', '', 'M3 L2 B° PRESIDENTE PERON', '3888632040', 0, ''),
(286, 'DESPENSA APARICIO(', '', 'BUSTAMANTE ESQ. LOS NARDOS Bº 9 DE JULIO ', '3888441453', 1, ''),
(287, 'ROSA MIRANDA (DESPENSA)', '', 'AV. BUSTAMANTE 768 Bº SAN FRANCISCO', '3888676176', 1, ''),
(288, 'LILIANA VELASCO (DESPENSA)', '', 'SANTA FE ESQ. RINCONADA ', '3888442759', 1, ''),
(289, 'SANDRO RAMOS', '', 'RECONQUISTA Nº18 (Al lado FERRETERIA)', '3888434160', 1, ''),
(290, 'SILVANA CHOCOBAR', '', 'AÑATUYA Nº 13', '3888447481', 1, ''),
(291, 'CLAUDIO BORDA (SAUSAL)', '', 'SAN JOSE ESQ. SAN MARTIN Nº102', '3888677874', 1, ''),
(292, 'NOGALES CARLOS (DESPENSA) DETRAS ESCUELA', '', 'PJE HOLMBERG 173 Bº EJERCITO NORTE ', '3888677223', 1, ''),
(293, 'ROSA LAMAS (DESPENSA)', '', 'BALCARCE Bº EJERCITO ', '0', 1, ''),
(294, 'OLGA NAVARRO (DESPENSA)', '', 'M2 L14 Bº 48 VIVIENDAS', '3888662216', 1, ''),
(295, 'JAVIER ARAOZ (DESPENSA)', '', 'M8 L3 Bº 48 VIVIENDAS', '3888564945', 1, ''),
(296, 'LUIS ORTIZ (DESPENSA)', '', 'M9 L3 Bº 48 VIVIENDAS', '3888609664', 1, ''),
(297, 'GERARDO GIRA (DESPENSA)', '', 'M8 L22 Bº SAN ANTONIO', '0', 1, ''),
(298, 'MARTA VELASQUEZ', '', 'TULIPANES 184, Bª 9 DE JULIO', '3888474509', 1, ''),
(299, 'KARINA LARA', '', 'SANTGO. DEL ESTERO 81, Bº BELGRANO', '3888437461', 1, ''),
(300, 'SONIA JARAMILLO', '', 'SAN RAMÓN ESQ. SAN ROQUE 610, Bº SAN CAYETANO', '', 1, ''),
(301, 'IVAN COLQUE (SANTA CLARA)', '', 'TUCUMÁN (FRENTE PLAZA)', '3888401888', 1, ''),
(302, 'CECILIA RODRIGUEZ (SANTA CLARA)', '', 'JUAN M. DE ROSAS ESQ. CORRIENTES Bº SNOPEK', '3888572050', 1, ''),
(303, 'HUGO SEGOVIA (SANTA CLARA)', '', 'FRANCISCO CONTAMINI 32', '3888684747', 1, ''),
(304, 'DANA VELÁSQUEZ( SANTA CLARA)', '', 'SÚPER PRIMAVERA', '3888415297', 1, ''),
(305, 'GRISELDA DESPENSA AGRIS(SANTA CLARA)', '', 'AV. JUAN JOSÉ CASTRO', '3888451049', 1, ''),
(306, 'WENDY BENAVIDEZ (SANTA CLARA)', '', 'S/D', '3888489904', 1, ''),
(307, 'EL BÚNKER DE DON MARIANO', '', '9 DE JULIO 474 Bº CENTRO', '0', 1, ''),
(308, 'JOSE ANTONIO CORRALES', '', 'LOS CLAVELES 505 Bº PRIMAVERA', '20119359725', 1, ''),
(309, 'GABRIEL GUZMAN (DESPENSA MI ANGELITO ) MENDIETA', '', 'COLON 67 Bº 12 DE OCTUBRE ', '3888408732', 1, ''),
(310, 'MARIANA BALCAZA (DESPENSA)', '', 'LOS ANDES 43 Bº EJERCITO DEL NORTE', '3888685280', 1, ''),
(311, 'DESPENSA LOS HERMANITOS', '', 'PROLONGACION DIVINO NIÑO M6 L4', '1', 1, ''),
(312, 'MARGARITA DESPENSA ', '', 'CALLE PRINCIPAL LOTE PARAPETI', '3888433522', 1, ''),
(313, 'MARISEL FABIANA (DESPENSA)', '', 'M F L13 B° CONSENTINI', '3888618673', 1, ''),
(314, 'GARZON ESTELA (DESPENSA)', '', 'M E L20 B° CONSENTINI', '3888438568', 1, ''),
(315, 'YENI AYALA (DESPENSA LADRILLO)', '', 'Frente bomba M Ap2 bis L2 SANTA CLARA', '3888604372', 1, ''),
(316, 'MERCEDES PADILLA (DESPENSA LADRILLOS )', '', 'GABRIELA MISTRAL B° SNOPEK SANTA CLARA', '3884610279', 1, ''),
(317, 'DESPENSA LA MARTINERA (FRENTE CANCHA)', '', 'Av. Juan José Castro B° San Julián SANTA CLARA', '3888484906', 1, ''),
(318, 'CAMILA BUDIA (DESPENSA NARANJA)', '', 'B° EL CANAL ', '3888319997', 1, ''),
(319, 'GARECA DINA DESPENSA DOBLE PISO ', '', 'B° EL CANAL ', '3888435830', 1, ''),
(320, 'DESPENSA TIOS Y SOBRINOS (PIQUETE)', '', 'LOS TARCOS B° 24 DE SEPTIEMBRE', '3888315060', 1, ''),
(321, 'ROBERTO CABEZAS (PIQUETE)', '', 'LOS CEDROS B° 24 DE SEPTIEMBRE ', '3888462169', 1, ''),
(322, 'BORAMY FORRAJERIA', '', '9 DE JULIO ESQ. SARMIENTO BºCENTRO', '3888658278', 1, ''),
(323, 'FORRAJERIA EL RINCON DE TU MASCOTA', '', 'AV. EVA PERON S/N LA MENDIETA', '3888678927', 1, ''),
(324, 'NOSEDA RAFAEL (DESPENSA)', '', 'M8 L4 Bº CONSENTINI', '3888411515', 1, ''),
(325, 'AUTOSERVICIO SIN COMENTARIOS (LA MENDIETA)', '', 'COLON 22 B° 12 DE OCTUBRE', '3888668309', 1, ''),
(326, 'JOSE MIGUEL MURO (LA MENDIETA)', '', 'COLON 84 B° 12 DE OCTUBRE', '3888493368', 1, ''),
(327, 'ANABELA AGUERO (PARTICULAR)', '', 'CLAVERIE ESQ. BARBESINI B° GUZMAN', '3888468630', 1, ''),
(328, 'CARMEN ORTEGA (DESPENSA FRENTE PLAZA)', '', 'M8 L10- B° ESTEBAN LEACH', '3885386664', 1, ''),
(329, 'FLIA. ARTAZA (PARTICULAR)', '', 'M16 L31- B° PRESIDENTE PERÓN', '3888515414', 1, ''),
(330, 'LIA (PELUQUERÍA COLITAS FELICES)', '', 'M1 L14- B° CONSENTINI', '3888660038', 1, ''),
(331, 'ZAHIRA BERRENECHEA (PARTICULAR)', '', 'Avenida Santa Cruz N°217 B° Belgrano', '3888614808', 1, ''),
(332, 'ROMERO LILA (PARTICULAR)', '', 'ACACIAS 2009 Bº GUEMES ', '3888418414', 1, ''),
(333, 'RAMONA CARRIZO (SANTA CLARA)', '', 'SALTA 7 Bº SAN MARTIN ', '3888494186', 1, ''),
(334, 'ZERPA ROBERTO (SANTA CLARA)', '', 'M28 L9 B° MILAGROS', '3888506125', 1, ''),
(335, 'OLIVERA SILVIA (SANTA CLARA)', '', '25 DE MAYO L5M5 Bº KIRCHNER', '3888564981', 1, ''),
(336, 'WALTER CABEZAS (PIQUETE)', '', 'AV. TANCO ESQ. RIOJA (PASEO DE COMPRA)', '3888561348', 1, ''),
(337, 'GABRIEL GUZMAN (DESPENSA MI ANGELITO)', '', 'COLÓN 67- Bº 12 DE OCTUBRE', '3888408732', 1, ''),
(338, 'ANDREA CANSINO ', '', 'M7 L19-Bº NUEVA LIBERTAD', '3888687323', 1, ''),
(339, 'CLIENTE PARTICULAR ', '', 'JUANA AZURDUY 130-Bº EJERCITO DEL NORTE', '3888562577', 1, ''),
(340, 'NICOLE CASTRO DESPENSA', '', 'SARGENTO CABRAL 77- Bº SANTA BÁRBARA(PUESTO VIEJO)', '3885824245', 1, ''),
(341, 'PEDRO IBARRA', '', 'LAPRIDA LOTEO ORTEGAS M7 L9- AGUAS CALIENTES', '3884452719', 1, ''),
(342, 'VICTOR ARIAS (VERDULERÍA)', '', 'MARTIN MANUEL DE GUEMES ESQ. LAVALLE (AGUAS CALIENTES)', '1', 1, ''),
(343, 'MIGUEL ARECO', '', 'LOTEO FISCAL M13 L14 -(AGUAS CALIENTES)', '3885063002', 1, ''),
(344, 'CARMEN IBARRA', '', 'B° 70 VIVIENDAS M19 L 22- (AGUAS CALIENTES)', '3885708447', 1, ''),
(345, 'DESPENSA MELANI (LA MENDIETA)', '', 'CRESPIN Nº9 Bº LAS AVES ', '1', 1, ''),
(346, 'AUTOSERVICIO EL BAGUAL (LA MENDIETA)', '', 'BELGRANO Nº 7', '3888500308', 1, ''),
(347, 'ABRAHAM VELASQUEZ (DESPENSA)', '', 'AV. LIBERTADOR 526-Bº LA MERCED ', '1', 1, ''),
(348, 'SOLANGE ABIGAIL BALANZA', '', 'LOCALIDAD BARRO NEGRO', '3888686839', 1, ''),
(349, 'DAMARIS CANO (DESPENSA)', '', 'M11 L5-Bº SOLEDAD', '3888465172', 1, ''),
(350, 'PAOLA CARDOZO (PARTICULAR)', '', 'JUJUY Nº3-Bº MITRE - LA ESPERANZA ', '3888307430', 1, ''),
(351, 'NORMA BAZO (DESPENSA)', '', 'M13 L11-Bº PRESIDENTE PERÓN ', '3888654959', 1, ''),
(352, 'MERCADITO TYKO (FRAILE PINTADO)', '', 'AV. REDUCCIÓN ESQ. 23 DE AGOSTO', '3886466059', 1, ''),
(353, 'POLLERÍA ROSI (FRAILE PINTADO)', '', 'SAN ANTONIO ESQ. SAN MARTIN-Bº VIRGEN DEL VALLE', '3886505340', 1, ''),
(354, 'ANAHÍ RODRIGUEZ (FRAILE PINTADO)', '', 'SARMIENTO ESQ. PASAJE DORREGO-Bº BELGRANO ', '3886417701', 1, ''),
(355, 'VICTORIA GIMENEZ (FRAILE PINTADO)', '', 'MARIANO MORENO M108 L4-Bº BELGRANO ', '3886502690', 1, ''),
(356, 'DESPENSA EL PETISITO', '', 'M1 L31-Bº 1 DE AGOSTO', '3888650189', 1, ''),
(357, 'FAMILIA SALAZAR (SANTA CLARA)', '', 'FRANCINI Y CORRIENTES-Bº SNOPEK', '3888433048', 1, ''),
(358, 'ALEJANDRA BALCARCE ', '', 'M16 L22-Bº 2 DE AGOSTO', '3888310077', 1, ''),
(359, 'DESPENSA MELINA (SANTA CLARA)', '', 'CORRIENTES-Bº 14 DE ABRIL ', '3888560798', 1, ''),
(360, 'POLLERÍA NICO (PIQUETE)', '', 'TACOS M4 L4-Bº SAN JÓSE ', '3888504089', 1, ''),
(361, 'SAMUEL COCHA(pelucanina)', '', 'SANTA ROSA PERU Y URUGUAY 693', '3888502974', 1, ''),
(362, 'SOL VIDOVICH', '', 'GALERIA LA BARATA LOCAL 9', '3888661500', 1, ''),
(363, 'JONY DESPENSA ', '', 'AZOPARDO 285-Bº EJÉRCITO DEL NORTE ', '1', 1, ''),
(364, 'BELÉN LARA (DESPENSA)', '', 'M21 L11-B° AZUCARERO', '3888500210', 1, ''),
(365, 'JONATHAN RAGAGLIA', '', 'M22 L10-B° NÉSTOR KIRCHNER', '3888443733', 1, ''),
(366, 'GLORIA CARDOZO', '', 'M13 L18-B° NÉSTOR KIRCHNER', '3888541010', 1, ''),
(367, 'ANALÍA SILVERIO', '', 'MAp3 L38-B° PRESIDENTE PERÓN ', '1160421830', 1, ''),
(368, 'CRISTINA OLIVERA', '', 'M7 L25-B° PRESIDENTE PERÓN ', '1', 1, ''),
(369, 'LUZ JORDANA ', '', 'AV.HIPOLITO YRIGOYEN MAp3 L10 BºFERROCARRIL (FRAILE)', '38886470475', 1, ''),
(370, 'ROBERTO JAIME DESPENSA ROSADA', '', 'SAN JOSE M132 L3', '3886405505', 1, ''),
(371, 'JUAN VILLENA DESPENSA', '', 'SAN JOSE ESQ. PASAJE VIRGEN DEL MILAGRO', '3886469161', 1, ''),
(372, 'DESPENSA LA SARITA', '', 'SAN PANTALEON M125 L6 Bº VIRGEN DEL VALLE', '3886479263', 1, ''),
(373, 'ROMERO INES ', '', 'LOTEO MUNICIPAL M403 L33 (FRAILE)', '3886670894', 1, ''),
(374, 'TARIFA JUAN CARLOS', '', 'M415 L34 LOTEO MUNICIPAL', '3886409119', 1, ''),
(375, 'MARIA ONTIVEROS', '', 'M420 L13 LOTEO MUNICIPAL', '3886556682', 1, ''),
(376, 'SILVIA CRISTINA (DESPENSA)', '', 'M10 L43-B° PRESIDENTE PERÓN ', '3888570340', 1, ''),
(377, 'AXEL TORRES (PARTICULAR)', '', 'NUEVA CIUDAD', '3888433517', 1, ''),
(378, 'EL SIBERIANO CARNICERÍA (SANTA CLARA)', '', 'MAP18 L3- B° EL MILAGRO', '3888605416', 1, ''),
(379, 'MARIA OCAMPO', '', 'FACUNDO QUIROGA -B° San Cayetano', '3888432222', 1, ''),
(380, 'FERNANDA SANTANDER (SANTA CLARA)', '', 'Bª SANTA ROSA ', '3888612967', 1, ''),
(381, 'CALISAYA HUGO', '', 'LA VALLE 7 Bº JACARANDA LA MENDIETA', '3888437796', 1, ''),
(382, 'LUIS AVAPIRO (DESPENSA)', '', 'M24 L13- B° NÉSTOR KIRCHNER ', '3888664519', 1, ''),
(383, 'MALVINA CARRIZO (FORRAJERIA)', '', 'AV. KENEDY AL LADO CLUB INDEPENDIENTE', '3888680873', 1, ''),
(384, 'CARLA ARAMAYO', '', 'AV. EVA PERON Nº18 Bº PTE PERON LA MENDIETA', '', 1, ''),
(385, 'HILARIO TARCAYA', '', 'SAN MARTIN Nº 13- LA ESPERANZA ', '3888604740', 1, ''),
(386, 'LIDIA SEGOVIA (DESPENSA NARANJA)', '', 'M18 L19- B° PARAPETI', '3888669727', 1, ''),
(387, 'LUIS TORRES (DESPENSA)', '', 'M18 L12- B° PARAPETI', '3888566911', 1, ''),
(388, 'STELLA YAPURA (PARTICULAR)', '', 'LIBERTAD N° 15- LA ESPERANZA', '3888476899', 1, ''),
(389, 'ADRIANA QUISPE (DESPENSA)', '', 'JUAN MANUEL DE ROSAS- Bº CENTRO', '3888438405', 1, ''),
(390, 'DESPENSA LOS MELLIZOS', '', 'Av. Libertador esq. Juan B Justo- B° La Merced ', '3888527006', 1, ''),
(391, 'DESPENSA JIMENEZ (LA MENDIETA)', '', 'PASAJE TUCUMÁN 20', '3888650699', 1, ''),
(392, 'TERESA TEJERINA ', '', 'Claverie 153- B° Bernachi', '3888422826', 1, ''),
(393, 'RENJIFO ADELA (DESPENSA)', '', 'M4 L11 Bº ESTABAN LEACH', '3888688072', 1, ''),
(394, 'LORENA FASIANO (DESPENSA)', '', 'M A  L9 Bº JOSE GABRIEL', '3888524030', 1, ''),
(395, 'GABRIELA VARGAS (DESPENSA)', '', 'AV. SANCHES BUSTAMANTE 137 Bº SAN FRANCISCO', '3512478796', 1, ''),
(396, 'GABRIELA YUFRA (PARTICULAR)', '', 'M11 L2- Bº 15 HECTÁREAS', '3888433537', 1, ''),
(397, 'POLLERÍA LUJÁN ', '', 'M26 L14- B° Azucarero', '1', 1, ''),
(398, 'ACOSTA EMANUEL (DESPENSA)', '', 'AV. KENNEDY 229 Bº INDEPENDIENTE AL LADO OTITO', '3888562720', 1, ''),
(399, 'ESTHER LAIRANA (PARTICULAR)', '', 'Moyano  B° Santa Rosa, Santa Clara  (vuelta Ivan Colque ) ', '3888572768', 1, ''),
(400, 'MARTA MICHEL (DESPENSA)', '', '23 de Agosto esq. 17 de Agosto- B° Néstor Kirchner', '3888316730', 1, ''),
(401, 'PELUQUERIA WOWOW', '', 'MIGUEL ARAOZ 383', '3888670124', 1, ''),
(402, 'MARIEL DESPENSA (LA MENDIETA)', '', 'Ignacio Gorriti L5- B° Presidente Perón ', '3888468250', 1, ''),
(403, 'EL RINCON DE LA MASCOTA (LA MENDIETA)', '', 'NUEVO MERCADITO MUNICIPAL', '3888678927', 1, ''),
(404, 'FAMILIA VELIZ (PARTICULAR)', '', 'LOTE PARAPETI (DETRÁS DE LA ESC. PRIMARIA)', '3888654616', 1, ''),
(405, 'MARIO SERVANDO ', '', 'PATERSON Nº87 Bº CENTRO', '3888405725', 1, ''),
(406, 'ELVIRA CHOQUE', '', 'Esteban Leach 28- B° La Esperanza ', '3888666860', 1, ''),
(407, 'NATALIA MAIDANA', '', 'M D L23- B° Consentini ', '3888686770', 1, ''),
(408, 'SANTA GIMENEZ (PARTICULAR)', '', 'Juan Manuel Gorriti B° San Lorenzo santa clara ', '3888457581', 1, ''),
(409, 'INES GUERRERO (DESPENSA) ', '', 'M20 L17 B° El Milagro Santa clara ', '3888662989', 1, ''),
(410, 'MARTINEZ MONICA (DESPENSA)', '', 'M18 L20 B° 2 de agosto Santa Clara ', '3888309326', 1, ''),
(411, 'PABLO TAPIA', '', 'AL LADO DE RAQUEL LÓPEZ-  Bº LA MERCED', '3888552735', 1, ''),
(412, 'JESUS GUANTAY (SANTA CLARA)', '', 'B° LA NUEVA ESPERANZA', '3888484566', 1, ''),
(413, 'LILIANA SCARO', '', 'ESQUINA UNDIANO', '1', 1, ''),
(414, 'VANESA GOMEZ (SANTA CLARA)', '', 'B° 20 de julio M1 L26', '3888307194', 1, ''),
(415, 'DESPENSA MORENA ', '', 'Claverie 686, Bº Horacio Guzmán', '3888474332', 1, ''),
(416, 'MARIANA RIVERA (DESPENSA)', '', 'Martinez 252 B° Horacio Guzmán', '3888665126', 1, ''),
(417, 'DESPENSA POLLERIA SAN EXPEDITO', '', 'B° VIRGEN DEL VALLE MA L2', '3888415095', 1, ''),
(418, 'COLQUE ANA MARIA', '', 'B° EJERCITO, PUESTO DEL MARQUEZ N°161', '3888428325', 1, ''),
(419, 'POLLITO ALEGRE', '', 'LONDRES E IRIGOYEN N°9, LA ESPERANZA', '3888631542', 1, ''),
(420, 'RODRIGUEZ MIRTA', '', 'M5 L11, B° AZUCARERO', '3888675430', 1, ''),
(421, 'ADRIANA APARICIO', '', 'PASO DE LOS PORTILLOS M2 L30, 17 DE AGOSTO', '3888502855', 1, ''),
(422, 'MARTA PILINCO', '', 'YAVI N°227, ALBORNOZ', '3888529571', 1, ''),
(423, 'MAXI KIOSKO GUAYPARE', '', 'PJE 20 DE FEBRERO N°405, GUEMES.', '1157584589', 1, ''),
(424, 'CINTIA RIOS (DESPENSA)', '', 'M4 L6 B| ARTURO ILLIA', '3888500414', 1, ''),
(425, 'TINTILAY VERONICA (DESPENSA)', '', 'M16 L5 B° ARTURO ILLIA ', '3888615014', 1, ''),
(426, 'SUPER MERCADO VMA ', '', 'M2 L3 B° ARTURO ILLIA', '3888564473', 1, ''),
(427, 'CARDENAS JOSE (DESPENSA)', '', 'ARENALES N°173, B° EJERCITO', '3888540361', 1, ''),
(428, 'HECTOR IBARRA (DESPENSA)', '', '24 DE SEPT. Y CHACABUCO N°52, B°EJERCITO', '3888310733', 1, ''),
(429, 'SUCURSAL VELEZ SARFIELD', '', 'VELEZ SARFIELD 436', '1', 1, ''),
(430, 'ROSALIA BALCAZA (DESPENSA)', '', 'SAN JORGE N°535, B° SAN CAYETANO', '3888677466', 1, ''),
(431, 'DESPENSA VALENTINA', '', 'BRASIL ESQ. CANADA 312 Bº SANTA ROSA', '3888426824', 1, ''),
(432, 'SOLEDAD SALAZAR (DESPENSA)', '', 'AV. SAN JOAQUIN M10 L9 Bº DIVINI NIÑO', '3888562387', 1, ''),
(433, 'EL CHAVO (DESPENSA)', '', 'URUGUAY N°487, B° 14 DE ABRIL', '3888426926', 1, ''),
(434, 'DANIEL NAVARRO', '', 'M14 L34, B° PRESIDENTE PERON', '3888527557', 1, ''),
(435, 'GERONIMO ALACA', '', 'HUGO GUERRA N°460, B° SNOPEK', '3888459285', 1, ''),
(436, 'EL GAUCHO', '', 'ESPINOSA N°545', '3888512277', 1, ''),
(437, 'LA ESQUINA ', '', 'CLAVERIE ESQ ALSINA, B° GUZMAN', '3888422209', 1, ''),
(438, 'FRIGORIFICO EL MOJON', '', 'AV. PATERSON, B° SAN ANTONIO', '3876351653', 1, ''),
(439, 'NILDA MENDOZA', '', 'PEDRO GOYENA N°374, B° CENTRO', '', 1, ''),
(440, 'NESTOR GONZALES', '', 'B° CONSENTINI, M C L19', '', 1, ''),
(441, 'MARIA DEL CARMEN (SANTA CLARA)', '', 'B° SAN JOSE BAZAN M101 L2', '3888447382', 1, ''),
(442, 'LESCANO ANALIA (SANTA CLARA)', '', 'B° OBRERO M3 L10', '3888458540', 1, ''),
(443, 'TOMAS VERON (SANTA CLARA)', '', 'JUAN MANUEL DE ROSAS B° SNOPEK', '3888661658', 1, ''),
(444, 'BUSTAMANTE CARLOS (PIQUETE)', '', 'GENERAL PERON M1 L14 B° SAN JOSE', '3887629785', 1, ''),
(445, 'VICTOR GERARDO (PARTICULAR)', '', 'Holmberg N°80- B° Ejército ', '3888308870', 1, ''),
(446, 'NORMA BEATRIZ MEDINA', '', 'M22 L14 B° Milagro -Calle Sra. del Milagro', '0', 1, ''),
(447, 'ZALAZAR WALTER (DESPENSA)', '', 'M13 L16, Bº Consentini (frente cocodrilo)', '3884643263', 1, ''),
(448, 'SANTIAGO REYNOSA', '', 'Hugo Salomón Guerra 1040, Bº Snopek', '3888650410', 1, ''),
(449, ' SILVANA CRUZ', '', 'M 10, L 17- B° Eva Perón ', '3888689256', 1, ''),
(450, 'FRUTERIA FORMOSA ', '', 'Formosa 1851- B° Albornoz', '3888605860', 1, ''),
(451, 'IVANA ROMERO', '', 'M1 L15, Bº PRESIDENTE PERON', '3888600606', 1, ''),
(452, 'CÓRDOBA FABÍAN ', '', 'M9 L5, 48 VIVIENDAS', '3888632162', 1, ''),
(453, 'NOSEDA MAXIMILIANO', '', 'M8 L4, CONSENTINI', '3888411515', 1, ''),
(454, 'CARLA PERALES', '', 'ALBERTO, M1 L2', '3888489460', 1, ''),
(455, 'LESCANO NANCY (DESPENSA)', '', 'ZORRASQUIN Nº25, Bº SAN JOSE, PIQUETE', '3884654124', 1, ''),
(456, 'DESPENSA YANINA (PIQUETE)', '', 'PASEO DE COMPRA LOCAL Nº18 PIQUETE', '3888656305', 1, ''),
(457, 'GUADALUPE LERMA (PIQUETE)', '', 'CALLE PRINCIPAL M E L14', '3888402991', 1, ''),
(458, 'BERENIZ SUDARA (MENDIETA)', '', 'CAPITAN GIACHINO N°6, B° 30 VIVIENDAS', '3888669789', 1, ''),
(459, 'EMANUEL ACOSTA (DESPENSA)', '', 'AV. KENEDY N°299, AL LADO DE OTITO', '3888562720', 1, ''),
(460, 'LORENA PERALTA( forrajeria ocicudos)', '', 'Sarmiento, antes 9 de julio ', '3888518080', 1, ''),
(461, 'GUERRERO GRACIELA  (DESPENSA)', '', 'Av. Brasil 312 B° Santa rosa ', '3888412733', 1, ''),
(462, 'DANA SANTOS (PARTICULAR)', '', '1', '3888430128', 1, ''),
(463, 'PACO JUAN MANUEL (PARTICULAR)', '', 'M2 L10 Bº 1º DE AGOSTO', '3886513427', 1, ''),
(464, 'ORTIZ VICTORIA (DESPENSA)', '', 'B° LOS LAPACHOS M2 L1', '3884331945', 1, ''),
(465, 'MUNICIPALIDAD LA ESPERANZA', '', 'LA ESPERANZA AL LADO DE LA POLICIA', '3888605915', 1, ''),
(466, 'CARDOZO MELISA', '', 'Bº NUEVA LIVERTAD M9 L5', '3888632162', 1, ''),
(467, 'ANAHI PEANNA (DESPENSA)', '', 'M14 l14 B° Divino niño ', '3888664867', 1, ''),
(468, 'MONICA ESCALANTE (DESPENSA)', '', 'B° Nestor kirchner M9 L5', '3888634042', 1, ''),
(469, 'SILVIA GUERRA (DESPENSA)', '', 'B° nestor kirchner M16 L16 ', '3888341039', 1, ''),
(470, 'VICTOR MARQUEZ', '', 'Alberdi 780 barrio las Maderas', '3886652882', 1, ''),
(471, 'MARIELA DIAZ (DESPENSA)', '', 'GABRIELA MISTRAL B° SNOPEK', '3884158092', 1, ''),
(472, 'MARTIN GIMENEZ ', '', 'B° 1° de agosto  m1 l31', '1140635077', 1, ''),
(473, 'DESPENSA JULIETA', '', 'BALCARCE 14 Bº EJERCITO DEL NORTE ', '1156327022', 1, ''),
(474, 'SILVIA CUYO (SANTA CLARA)', '', 'B° vicentenario antes yeni ayala', '3888664817', 1, ''),
(475, 'EZEQUIEL GUTIERREZ (PARTICULAR)', '', 'BERUTTI 570 B° PATRICIOS', '3888406671', 1, ''),
(476, 'DESPENSA NOAR (SANTA CLARA)', '', 'CALLE PRINCIPAL FRENTE ESC. B° VICENTENARIO', '3884096775', 1, '');

--
-- Volcado de datos para la tabla `configuracion`
--

INSERT INTO `configuracion` (`id`, `nombre`, `telefono`, `email`, `direccion`) VALUES
(1, 'Sabuesos Petshop', '3888462499', 'sabuesos.distribuciones@gmail.com', 'Vélez Sarsfield 436- San Pedro de Jujuy');

--
-- Volcado de datos para la tabla `cuotas`
--

INSERT INTO `cuotas` (`idcuota`, `idcuenta`, `numero_factura`, `fecha`, `cuota`, `importe`, `saldo`, `descuento`, `total`, `condicion`, `mediodepago`, `idusuario`) VALUES
(1, 1, '1003', '2022-03-28', 1, '10000', '21300', '0', '31300', 'PAGADO', 'Efectivo', 1),
(2, 1, '1003', '2022-03-28', 2, '13000', '0', '0', '0', 'CANCELADO', 'Efectivo', 1),
(3, 1, '1003', '0000-00-00', 3, '0', '0', '0', '31300', 'IMPAGA', '', 0),
(4, 3, '1139', '2022-04-15', 1, '5000', '310', '0', '5310', 'PAGADO', 'Efectivo', 1),
(5, 3, '1139', '2022-04-15', 2, '310', '0', '0', '0', 'PAGADO', 'Efectivo', 1);

--
-- Volcado de datos para la tabla `detalle_permisos`
--

INSERT INTO `detalle_permisos` (`id`, `id_permiso`, `id_usuario`) VALUES
(17, 1, 1),
(18, 2, 1),
(19, 3, 1),
(20, 4, 1),
(21, 5, 1),
(22, 6, 1),
(23, 7, 1),
(24, 8, 1),
(25, 1, 3),
(26, 2, 3),
(27, 3, 3),
(28, 4, 3),
(29, 5, 3),
(30, 6, 3),
(31, 7, 3),
(32, 8, 3);

--
-- Volcado de datos para la tabla `factura`
--

INSERT INTO `factura` (`idfactura`, `idcliente`, `idusuario`, `idlocal`, `numero_factura`, `total`, `descuento`, `interes`, `importe`, `cambio`, `fecha`, `mes`, `año`, `mediopago`, `tipoventa`, `observacion`, `idvendedor`, `idcaja`, `tipoFactura`) VALUES
(1, 1, 3, 2, 1, 3820, 0, 0, 0, 0, '2023-04-13', 'Apr', 2023, '', '', '', 3, 3, 'Orizontal-A4'),
(2, 78, 3, 2, 2, 13500, 0, 0, 0, 0, '2023-04-13', 'Apr', 2023, '', '', '', 3, 3, 'Orizontal-A4'),
(3, 283, 3, 2, 3, 3820, 0, 0, 0, 0, '2023-04-13', 'Apr', 2023, '', '', '', 3, 3, 'Orizontal-A4'),
(4, 79, 3, 2, 4, 8470, 0, 0, 0, 0, '2023-04-13', 'Apr', 2023, '', '', '', 3, 3, 'Orizontal-A4'),
(5, 5, 3, 2, 5, 2060, 0, 0, 0, 0, '2023-04-13', 'Apr', 2023, '', '', '', 3, 3, 'Orizontal-A4'),
(6, 4, 3, 2, 6, 7010, 0, 0, 0, 0, '2023-04-13', 'Apr', 2023, '', '', '', 3, 3, 'Orizontal-A4'),
(7, 365, 3, 2, 7, 3450, 0, 0, 0, 0, '2023-04-13', 'Apr', 2023, '', '', '', 3, 3, 'Orizontal-A4'),
(8, 218, 3, 2, 8, 3820, 0, 0, 0, 0, '2023-04-13', 'Apr', 2023, '', '', '', 3, 3, 'Orizontal-A4'),
(9, 468, 3, 2, 9, 3820, 0, 0, 0, 0, '2023-04-13', 'Apr', 2023, '', '', '', 3, 3, 'Orizontal-A4'),
(10, 211, 3, 2, 10, 4950, 0, 0, 0, 0, '2023-04-13', 'Apr', 2023, '', '', '', 3, 3, 'Orizontal-A4'),
(11, 6, 3, 2, 11, 3400, 0, 0, 0, 0, '2023-04-13', 'Apr', 2023, '', '', '', 3, 3, 'Orizontal-A4'),
(12, 3, 3, 2, 12, 14400, 0, 0, 0, 0, '2023-04-13', 'Apr', 2023, '', '', '', 3, 3, 'Orizontal-A4'),
(13, 198, 3, 2, 13, 5880, 0, 0, 0, 0, '2023-04-13', 'Apr', 2023, '', '', '', 3, 3, 'Orizontal-A4'),
(14, 314, 3, 2, 14, 8650, 0, 0, 0, 0, '2023-04-13', 'Apr', 2023, '', '', '', 3, 3, 'Orizontal-A4'),
(15, 313, 3, 2, 15, 3820, 0, 0, 0, 0, '2023-04-13', 'Apr', 2023, '', '', '', 3, 3, 'Orizontal-A4'),
(16, 55, 3, 2, 16, 33075, 0, 0, 0, 0, '2023-04-13', 'Apr', 2023, '', '', '', 3, 3, 'Orizontal-A4'),
(17, 2, 1, 1, 17, 9150, 0, 0, 0, 0, '2023-04-13', 'Apr', 2023, '', '', '', 1, 3, 'Factura_A'),
(18, 393, 3, 2, 18, 3450, 0, 0, 0, 0, '2023-04-13', 'Apr', 2023, '', '', '', 3, 3, 'Orizontal-A4'),
(19, 75, 3, 2, 19, 3450, 0, 0, 0, 0, '2023-04-13', 'Apr', 2023, '', '', '', 3, 3, 'Orizontal-A4'),
(21, 185, 3, 2, 21, 3400, 0, 0, 0, 0, '2023-04-13', 'Apr', 2023, '', '', '', 3, 3, 'Orizontal-A4'),
(22, 71, 3, 2, 22, 8350, 0, 0, 0, 0, '2023-04-13', 'Apr', 2023, '', '', '', 3, 3, 'Orizontal-A4'),
(23, 16, 3, 2, 23, 24740, 0, 0, 0, 0, '2023-04-13', 'Apr', 2023, '', '', '', 3, 3, 'Orizontal-A4'),
(24, 113, 3, 2, 24, 12500, 0, 0, 0, 0, '2023-04-13', 'Apr', 2023, '', '', '', 3, 3, 'Orizontal-A4'),
(25, 26, 3, 2, 25, 8400, 0, 0, 0, 0, '2023-04-13', 'Apr', 2023, '', '', '', 3, 3, 'Orizontal-A4'),
(26, 61, 3, 2, 26, 58024, 0, 0, 0, 0, '2023-04-13', 'Apr', 2023, '', '', '', 3, 3, 'Orizontal-A4'),
(27, 1, 3, 2, 27, 3820, 0, 0, 0, 0, '2023-04-13', 'Apr', 2023, '', '', '', 3, 3, 'Orizontal-A4'),
(28, 1, 3, 2, 28, 12950, 0, 0, 0, 0, '2023-04-14', 'Apr', 2023, '', '', '', 3, 3, 'Orizontal-A4'),
(29, 90, 3, 2, 29, 13365, 0, 0, 0, 0, '2023-04-15', 'Apr', 2023, '', '', '', 3, 3, 'Orizontal-A4'),
(30, 90, 3, 2, 30, 17820, 0, 0, 0, 0, '2023-04-15', 'Apr', 2023, '', '', '', 3, 3, 'Orizontal-A4'),
(31, 229, 3, 2, 31, 5650, 0, 0, 0, 0, '2023-04-15', 'Apr', 2023, '', '', '', 3, 3, 'Orizontal-A4'),
(32, 1, 3, 2, 32, 2060, 0, 0, 0, 0, '2023-04-17', 'Apr', 2023, '', '', '', 3, 3, 'Orizontal-A4'),
(33, 1, 3, 2, 33, 7250, 0, 0, 0, 0, '2023-04-17', 'Apr', 2023, '', '', '', 3, 3, 'Orizontal-A4'),
(34, 95, 3, 2, 34, 153540, 0, 0, 0, 0, '2023-04-17', 'Apr', 2023, '', '', '', 3, 3, 'Orizontal-A4'),
(35, 88, 3, 2, 35, 28500, 0, 0, 0, 0, '2023-04-17', 'Apr', 2023, '', '', '', 3, 3, 'Orizontal-A4'),
(36, 82, 3, 2, 36, 4950, 0, 0, 0, 0, '2023-04-17', 'Apr', 2023, '', '', '', 3, 3, 'Orizontal-A4'),
(37, 83, 3, 2, 37, 6000, 0, 0, 0, 0, '2023-04-17', 'Apr', 2023, '', '', '', 3, 3, 'Orizontal-A4'),
(38, 288, 3, 2, 38, 3950, 0, 0, 0, 0, '2023-04-17', 'Apr', 2023, '', '', '', 3, 3, 'Orizontal-A4'),
(39, 85, 3, 2, 39, 12500, 0, 0, 0, 0, '2023-04-17', 'Apr', 2023, '', '', '', 3, 3, 'Orizontal-A4'),
(40, 84, 3, 2, 40, 13350, 0, 0, 0, 0, '2023-04-17', 'Apr', 2023, '', '', '', 3, 3, 'Orizontal-A4'),
(41, 20, 3, 2, 42, 81106, 0, 0, 0, 0, '2023-04-17', 'Apr', 2023, '', '', '', 3, 3, 'Orizontal-A4'),
(42, 191, 3, 2, 43, 2190, 0, 0, 0, 0, '2023-04-17', 'Apr', 2023, '', '', '', 3, 3, 'Orizontal-A4'),
(45, 105, 3, 2, 45, 8350, 0, 0, 0, 0, '2023-04-17', 'Apr', 2023, '', '', '', 3, 3, 'Orizontal-A4'),
(46, 1, 3, 2, 46, 4950, 0, 0, 0, 0, '2023-04-17', 'Apr', 2023, '', '', '', 3, 3, 'Orizontal-A4'),
(47, 393, 3, 2, 47, 4950, 0, 0, 0, 0, '2023-04-18', 'Apr', 2023, '', '', '', 3, 3, 'Orizontal-A4'),
(48, 424, 3, 2, 48, 14670, 0, 0, 0, 0, '2023-04-18', 'Apr', 2023, '', '', '', 3, 3, 'Orizontal-A4'),
(49, 35, 3, 2, 49, 7720, 0, 0, 0, 0, '2023-04-18', 'Apr', 2023, '', '', '', 3, 3, 'Orizontal-A4'),
(50, 292, 3, 2, 50, 4950, 0, 0, 0, 0, '2023-04-18', 'Apr', 2023, '', '', '', 3, 3, 'Orizontal-A4'),
(51, 92, 3, 2, 51, 4950, 0, 0, 0, 0, '2023-04-18', 'Apr', 2023, '', '', '', 3, 3, 'Orizontal-A4'),
(52, 38, 3, 2, 52, 17750, 0, 0, 0, 0, '2023-04-18', 'Apr', 2023, '', '', '', 3, 3, 'Orizontal-A4'),
(53, 100, 3, 2, 53, 7350, 0, 0, 0, 0, '2023-04-18', 'Apr', 2023, '', '', '', 3, 3, 'Orizontal-A4'),
(54, 310, 3, 2, 54, 3820, 0, 0, 0, 0, '2023-04-18', 'Apr', 2023, '', '', '', 3, 3, 'Orizontal-A4'),
(55, 130, 3, 2, 55, 4950, 0, 0, 0, 0, '2023-04-18', 'Apr', 2023, '', '', '', 3, 3, 'Orizontal-A4'),
(56, 130, 3, 2, 56, 4950, 0, 0, 0, 0, '2023-04-18', 'Apr', 2023, '', '', 'PAGADO', 3, 3, 'Orizontal-A4'),
(57, 48, 3, 2, 57, 3450, 0, 0, 0, 0, '2023-04-18', 'Apr', 2023, '', '', '', 3, 3, 'Orizontal-A4'),
(58, 44, 3, 2, 58, 5150, 0, 0, 0, 0, '2023-04-18', 'Apr', 2023, '', '', '', 3, 3, 'Orizontal-A4'),
(59, 209, 3, 2, 59, 12370, 0, 0, 0, 0, '2023-04-18', 'Apr', 2023, '', '', '', 3, 3, 'Orizontal-A4'),
(60, 194, 3, 2, 60, 3450, 0, 0, 0, 0, '2023-04-18', 'Apr', 2023, '', '', '', 3, 3, 'Orizontal-A4'),
(61, 122, 3, 2, 61, 2060, 0, 0, 0, 0, '2023-04-18', 'Apr', 2023, '', '', '', 3, 3, 'Orizontal-A4'),
(62, 101, 3, 2, 62, 3450, 0, 0, 0, 0, '2023-04-18', 'Apr', 2023, '', '', '', 3, 3, 'Orizontal-A4'),
(63, 195, 3, 2, 63, 2060, 0, 0, 0, 0, '2023-04-18', 'Apr', 2023, '', '', '', 3, 3, 'Orizontal-A4'),
(64, 47, 3, 2, 64, 7350, 0, 0, 0, 0, '2023-04-18', 'Apr', 2023, '', '', 'CONTADO', 3, 3, 'Orizontal-A4'),
(65, 102, 3, 2, 65, 3290, 0, 0, 0, 0, '2023-04-18', 'Apr', 2023, '', '', '', 3, 3, 'Orizontal-A4'),
(66, 102, 3, 2, 66, 3290, 0, 0, 0, 0, '2023-04-18', 'Apr', 2023, '', '', '', 3, 3, 'Orizontal-A4'),
(67, 104, 3, 2, 67, 8400, 0, 0, 0, 0, '2023-04-18', 'Apr', 2023, '', '', '', 3, 3, 'Orizontal-A4'),
(68, 51, 3, 2, 68, 11170, 0, 0, 0, 0, '2023-04-18', 'Apr', 2023, '', '', '', 3, 3, 'Orizontal-A4'),
(69, 424, 3, 2, 69, 13750, 0, 0, 0, 0, '2023-04-18', 'Apr', 2023, '', '', '', 3, 3, 'Orizontal-A4'),
(70, 126, 3, 2, 70, 12500, 0, 0, 0, 0, '2023-04-18', 'Apr', 2023, '', '', '', 3, 3, 'Orizontal-A4'),
(71, 53, 3, 2, 71, 4400, 0, 0, 0, 0, '2023-04-18', 'Apr', 2023, '', '', '', 3, 3, 'Orizontal-A4'),
(72, 105, 3, 2, 72, 16580, 0, 0, 0, 0, '2023-04-18', 'Apr', 2023, '', '', '', 3, 3, 'Orizontal-A4'),
(73, 259, 3, 2, 73, 6900, 0, 0, 0, 0, '2023-04-18', 'Apr', 2023, '', '', '', 3, 3, 'Orizontal-A4'),
(74, 238, 3, 2, 74, 4950, 0, 0, 0, 0, '2023-04-18', 'Apr', 2023, '', '', '', 3, 3, 'Orizontal-A4'),
(75, 381, 3, 2, 75, 12500, 0, 0, 0, 0, '2023-04-18', 'Apr', 2023, '', '', '', 3, 3, 'Orizontal-A4'),
(76, 267, 3, 2, 76, 8400, 0, 0, 0, 0, '2023-04-18', 'Apr', 2023, '', '', '', 3, 3, 'Orizontal-A4'),
(77, 181, 3, 2, 77, 61281, 0, 0, 0, 0, '2023-04-18', 'Apr', 2023, '', '', '', 3, 3, 'Orizontal-A4'),
(78, 281, 3, 2, 78, 3450, 0, 0, 0, 0, '2023-04-18', 'Apr', 2023, '', '', '', 3, 3, 'Orizontal-A4'),
(79, 97, 3, 2, 80, 27075, 0, 0, 0, 0, '2023-04-18', 'Apr', 2023, '', '', '', 3, 3, 'Orizontal-A4'),
(81, 181, 3, 2, 81, 66373, 0, 0, 0, 0, '2023-04-18', 'Apr', 2023, '', '', '', 3, 3, 'Orizontal-A4'),
(82, 402, 3, 2, 82, 2060, 0, 0, 0, 0, '2023-04-18', 'Apr', 2023, '', '', '', 3, 3, 'Orizontal-A4'),
(83, 282, 3, 2, 83, 3820, 0, 0, 0, 0, '2023-04-18', 'Apr', 2023, '', '', '', 3, 3, 'Orizontal-A4'),
(84, 279, 3, 2, 85, 9500, 0, 0, 0, 0, '2023-04-18', 'Apr', 2023, '', '', '', 3, 3, 'Orizontal-A4'),
(85, 1, 3, 2, 87, 3500, 0, 0, 0, 0, '2023-04-20', 'Apr', 2023, '', '', '', 3, 3, 'Orizontal-A4'),
(86, 1, 3, 2, 88, 15870, 0, 0, 0, 0, '2023-04-20', 'Apr', 2023, '', '', '', 3, 3, 'Orizontal-A4'),
(87, 159, 3, 2, 89, 22180, 0, 0, 0, 0, '2023-04-20', 'Apr', 2023, '', '', '', 3, 3, 'Orizontal-A4'),
(88, 106, 3, 2, 90, 14250, 0, 0, 0, 0, '2023-04-20', 'Apr', 2023, '', '', '', 3, 3, 'Orizontal-A4'),
(89, 114, 3, 2, 91, 8850, 0, 0, 0, 0, '2023-04-20', 'Apr', 2023, '', '', '', 3, 3, 'Orizontal-A4'),
(90, 71, 3, 2, 92, 3450, 0, 0, 0, 0, '2023-04-20', 'Apr', 2023, '', '', '', 3, 3, 'Orizontal-A4'),
(91, 466, 3, 2, 93, 5880, 0, 0, 0, 0, '2023-04-20', 'Apr', 2023, '', '', '', 3, 3, 'Orizontal-A4'),
(92, 12, 3, 2, 94, 13400, 0, 0, 0, 0, '2023-04-20', 'Apr', 2023, '', '', '', 3, 3, 'Orizontal-A4'),
(93, 453, 3, 2, 95, 4950, 0, 0, 0, 0, '2023-04-20', 'Apr', 2023, '', '', '', 3, 3, 'Orizontal-A4'),
(94, 464, 3, 2, 96, 3400, 0, 0, 0, 0, '2023-04-20', 'Apr', 2023, '', '', '', 3, 3, 'Orizontal-A4'),
(95, 447, 3, 2, 97, 3400, 0, 0, 0, 0, '2023-04-20', 'Apr', 2023, '', '', '', 3, 3, 'Orizontal-A4'),
(96, 134, 3, 2, 98, 10750, 0, 0, 0, 0, '2023-04-20', 'Apr', 2023, '', '', '', 3, 3, 'Orizontal-A4'),
(97, 10, 3, 2, 99, 63875, 0, 0, 0, 0, '2023-04-20', 'Apr', 2023, '', '', '', 3, 3, 'Orizontal-A4'),
(98, 95, 3, 2, 100, 39940, 0, 0, 0, 0, '2023-04-20', 'Apr', 2023, '', '', '', 3, 3, 'Orizontal-A4'),
(99, 95, 3, 2, 101, 10500, 0, 0, 0, 0, '2023-04-20', 'Apr', 2023, '', '', 'BOCADITO CHOCOLATE Y LECHE ES DE 100G', 3, 3, 'Orizontal-A4'),
(100, 198, 3, 2, 102, 7940, 0, 0, 0, 0, '2023-04-20', 'Apr', 2023, '', '', '', 3, 3, 'Orizontal-A4'),
(101, 448, 3, 2, 103, 3450, 0, 0, 0, 0, '2023-04-20', 'Apr', 2023, '', '', '', 3, 3, 'Orizontal-A4'),
(102, 3, 3, 2, 104, 7350, 0, 0, 0, 0, '2023-04-20', 'Apr', 2023, '', '', '', 3, 3, 'Orizontal-A4'),
(103, 219, 3, 2, 105, 3820, 0, 0, 0, 0, '2023-04-20', 'Apr', 2023, '', '', '', 3, 3, 'Orizontal-A4'),
(104, 210, 3, 2, 106, 6850, 0, 0, 0, 0, '2023-04-20', 'Apr', 2023, '', '', '', 3, 3, 'Orizontal-A4'),
(105, 365, 3, 2, 107, 4950, 0, 0, 0, 0, '2023-04-20', 'Apr', 2023, '', '', '', 3, 3, 'Orizontal-A4'),
(106, 137, 3, 2, 108, 4950, 0, 0, 0, 0, '2023-04-20', 'Apr', 2023, '', '', '', 3, 3, 'Orizontal-A4'),
(107, 78, 3, 2, 109, 17520, 0, 0, 0, 0, '2023-04-20', 'Apr', 2023, '', '', '', 3, 3, 'Orizontal-A4'),
(108, 1, 3, 2, 110, 5560, 0, 0, 0, 0, '2023-04-20', 'Apr', 2023, '', '', '', 3, 3, 'Orizontal-A4'),
(109, 1, 3, 2, 111, 13300, 0, 0, 0, 0, '2023-04-21', 'Apr', 2023, '', '', '', 3, 3, 'Orizontal-A4'),
(110, 1, 3, 2, 112, 3820, 0, 0, 0, 0, '2023-04-21', 'Apr', 2023, '', '', '', 3, 3, 'Orizontal-A4'),
(111, 1, 3, 2, 113, 8300, 0, 0, 0, 0, '2023-04-22', 'Apr', 2023, '', '', 'agility urinary son 2 kg', 3, 3, 'Orizontal-A4'),
(112, 19, 3, 2, 114, 26000, 0, 0, 0, 0, '2023-04-22', 'Apr', 2023, '', '', '', 3, 3, 'Orizontal-A4'),
(113, 468, 3, 2, 115, 3700, 0, 0, 0, 0, '2023-04-22', 'Apr', 2023, '', '', '', 3, 3, 'Orizontal-A4'),
(114, 255, 3, 2, 116, 6850, 0, 0, 0, 0, '2023-04-22', 'Apr', 2023, '', '', '', 3, 3, 'Orizontal-A4'),
(115, 151, 3, 2, 117, 54070, 0, 0, 0, 0, '2023-04-22', 'Apr', 2023, '', '', '', 3, 3, 'Orizontal-A4'),
(116, 121, 3, 2, 118, 51680, 0, 0, 0, 0, '2023-04-22', 'Apr', 2023, '', '', 'CONTADO\n', 3, 3, 'Orizontal-A4'),
(117, 276, 3, 2, 119, 84040, 0, 0, 0, 0, '2023-04-22', 'Apr', 2023, '', '', '', 3, 3, 'Orizontal-A4'),
(118, 301, 3, 2, 120, 4950, 0, 0, 0, 0, '2023-04-22', 'Apr', 2023, '', '', '', 3, 3, 'Orizontal-A4'),
(119, 274, 3, 2, 121, 7420, 0, 0, 0, 0, '2023-04-22', 'Apr', 2023, '', '', '', 3, 3, 'Orizontal-A4'),
(120, 334, 3, 2, 122, 3450, 0, 0, 0, 0, '2023-04-22', 'Apr', 2023, '', '', '', 3, 3, 'Orizontal-A4'),
(121, 476, 3, 2, 123, 3700, 0, 0, 0, 0, '2023-04-22', 'Apr', 2023, '', '', '', 3, 3, 'Orizontal-A4'),
(122, 474, 3, 2, 124, 5150, 0, 0, 0, 0, '2023-04-22', 'Apr', 2023, '', '', '', 3, 3, 'Orizontal-A4'),
(123, 305, 3, 2, 125, 4950, 0, 0, 0, 0, '2023-04-22', 'Apr', 2023, '', '', '', 3, 3, 'Orizontal-A4'),
(124, 229, 3, 2, 129, 1800, 0, 0, 0, 0, '2023-04-24', 'Apr', 2023, '', '', '', 3, 3, 'Orizontal-A4'),
(125, 1, 3, 2, 130, 9300, 0, 0, 0, 0, '2023-04-24', 'Apr', 2023, '', '', '', 3, 3, 'Orizontal-A4'),
(126, 82, 3, 2, 131, 26100, 0, 0, 0, 0, '2023-04-24', 'Apr', 2023, '', '', '', 3, 3, 'Orizontal-A4'),
(127, 87, 3, 2, 132, 4950, 0, 0, 0, 0, '2023-04-24', 'Apr', 2023, '', '', '', 3, 3, 'Orizontal-A4'),
(128, 288, 3, 2, 133, 8400, 0, 0, 0, 0, '2023-04-24', 'Apr', 2023, '', '', '', 3, 3, 'Orizontal-A4'),
(129, 4, 3, 2, 134, 8870, 0, 0, 0, 0, '2023-04-24', 'Apr', 2023, '', '', '', 3, 3, 'Orizontal-A4'),
(130, 108, 3, 2, 135, 12300, 0, 0, 0, 0, '2023-04-24', 'Apr', 2023, '', '', '', 3, 3, 'Orizontal-A4'),
(131, 20, 3, 2, 136, 53184, 0, 0, 0, 0, '2023-04-24', 'Apr', 2023, '', '', '', 3, 3, 'Orizontal-A4'),
(132, 90, 3, 2, 137, 11430, 0, 0, 0, 0, '2023-04-24', 'Apr', 2023, '', '', '', 3, 3, 'Orizontal-A4'),
(133, 35, 3, 2, 138, 7720, 0, 0, 0, 0, '2023-04-25', 'Apr', 2023, '', '', '', 3, 3, 'Orizontal-A4'),
(134, 92, 3, 2, 139, 4400, 0, 0, 0, 0, '2023-04-25', 'Apr', 2023, '', '', '', 3, 3, 'Orizontal-A4'),
(135, 38, 3, 2, 140, 8240, 0, 0, 0, 0, '2023-04-25', 'Apr', 2023, '', '', '', 3, 3, 'Orizontal-A4'),
(136, 39, 3, 2, 141, 7000, 0, 0, 0, 0, '2023-04-25', 'Apr', 2023, '', '', '', 3, 3, 'Orizontal-A4'),
(137, 473, 3, 2, 142, 3450, 0, 0, 0, 0, '2023-04-25', 'Apr', 2023, '', '', 'Paga por transferencia', 3, 3, 'Orizontal-A4'),
(138, 293, 3, 2, 143, 5760, 0, 0, 0, 0, '2023-04-25', 'Apr', 2023, '', '', '', 3, 3, 'Orizontal-A4'),
(139, 41, 3, 2, 144, 2400, 0, 0, 0, 0, '2023-04-25', 'Apr', 2023, '', '', '', 3, 3, 'Orizontal-A4'),
(140, 43, 3, 2, 145, 3450, 0, 0, 0, 0, '2023-04-25', 'Apr', 2023, '', '', '', 3, 3, 'Orizontal-A4'),
(141, 44, 3, 2, 146, 3450, 0, 0, 0, 0, '2023-04-25', 'Apr', 2023, '', '', '', 3, 3, 'Orizontal-A4'),
(142, 209, 3, 2, 147, 5150, 0, 0, 0, 0, '2023-04-25', 'Apr', 2023, '', '', '', 3, 3, 'Orizontal-A4'),
(143, 45, 3, 2, 148, 7400, 0, 0, 0, 0, '2023-04-25', 'Apr', 2023, '', '', '', 3, 3, 'Orizontal-A4'),
(144, 45, 3, 2, 149, 8650, 0, 0, 0, 0, '2023-04-25', 'Apr', 2023, '', '', '', 3, 3, 'Orizontal-A4'),
(145, 46, 3, 2, 150, 26550, 0, 0, 0, 0, '2023-04-25', 'Apr', 2023, '', '', '', 3, 3, 'Orizontal-A4'),
(146, 194, 3, 2, 151, 4950, 0, 0, 0, 0, '2023-04-25', 'Apr', 2023, '', '', '', 3, 3, 'Orizontal-A4'),
(147, 122, 3, 2, 152, 2060, 0, 0, 0, 0, '2023-04-25', 'Apr', 2023, '', '', '', 3, 3, 'Orizontal-A4'),
(148, 195, 3, 2, 153, 3820, 0, 0, 0, 0, '2023-04-25', 'Apr', 2023, '', '', '', 3, 3, 'Orizontal-A4'),
(149, 154, 3, 2, 154, 3450, 0, 0, 0, 0, '2023-04-25', 'Apr', 2023, '', '', '', 3, 3, 'Orizontal-A4'),
(150, 47, 3, 2, 155, 13370, 0, 0, 0, 0, '2023-04-25', 'Apr', 2023, '', '', '', 3, 3, 'Orizontal-A4'),
(151, 103, 3, 2, 156, 84150, 0, 0, 0, 0, '2023-04-25', 'Apr', 2023, '', '', '', 3, 3, 'Orizontal-A4'),
(152, 49, 3, 2, 157, 8350, 0, 0, 0, 0, '2023-04-25', 'Apr', 2023, '', '', '', 3, 3, 'Orizontal-A4'),
(153, 180, 3, 2, 158, 9900, 0, 0, 0, 0, '2023-04-25', 'Apr', 2023, '', '', '', 3, 3, 'Orizontal-A4'),
(154, 1, 3, 2, 159, 4950, 0, 0, 0, 0, '2023-04-25', 'Apr', 2023, '', '', '', 3, 3, 'ticket_comun'),
(155, 1, 3, 2, 160, 55390, 0, 0, 0, 0, '2023-04-25', 'Apr', 2023, '', '', '', 3, 3, 'Orizontal-A4'),
(156, 1, 3, 2, 161, 7000, 0, 0, 0, 0, '2023-04-25', 'Apr', 2023, '', '', '', 3, 3, 'Orizontal-A4'),
(157, 105, 3, 2, 162, 20900, 0, 0, 0, 0, '2023-04-25', 'Apr', 2023, '', '', '', 3, 3, 'Orizontal-A4'),
(158, 51, 3, 2, 163, 3400, 0, 0, 0, 0, '2023-04-25', 'Apr', 2023, '', '', '', 3, 3, 'Orizontal-A4'),
(159, 53, 3, 2, 164, 9595, 0, 0, 0, 0, '2023-04-25', 'Apr', 2023, '', '', '', 3, 3, 'Orizontal-A4'),
(160, 106, 3, 2, 165, 12500, 0, 0, 0, 0, '2023-04-25', 'Apr', 2023, '', '', '', 3, 3, 'Orizontal-A4'),
(161, 259, 3, 2, 166, 16800, 0, 0, 0, 0, '2023-04-25', 'Apr', 2023, '', '', '', 3, 3, 'Orizontal-A4'),
(162, 260, 3, 2, 167, 4100, 0, 0, 0, 0, '2023-04-25', 'Apr', 2023, '', '', '', 3, 3, 'Orizontal-A4'),
(163, 239, 3, 2, 168, 3450, 0, 0, 0, 0, '2023-04-25', 'Apr', 2023, '', '', '', 3, 3, 'Orizontal-A4'),
(164, 181, 3, 2, 169, 97425, 0, 0, 0, 0, '2023-04-25', 'Apr', 2023, '', '', '', 3, 3, 'Orizontal-A4'),
(165, 402, 3, 2, 170, 3400, 0, 0, 0, 0, '2023-04-25', 'Apr', 2023, '', '', '', 3, 3, 'Orizontal-A4'),
(166, 281, 3, 2, 171, 4950, 0, 0, 0, 0, '2023-04-25', 'Apr', 2023, '', '', '', 3, 3, 'Orizontal-A4'),
(167, 262, 3, 2, 172, 4950, 0, 0, 0, 0, '2023-04-25', 'Apr', 2023, '', '', '', 3, 3, 'Orizontal-A4'),
(168, 259, 3, 2, 173, 11850, 0, 0, 0, 0, '2023-04-25', 'Apr', 2023, '', '', '', 3, 3, 'Orizontal-A4'),
(169, 1, 3, 2, 174, 1000, 0, 0, 0, 0, '2023-04-26', 'Apr', 2023, '', '', '', 3, 3, 'Orizontal-A4'),
(170, 1, 3, 2, 175, 10850, 0, 0, 0, 0, '2023-04-26', 'Apr', 2023, '', '', '', 3, 3, 'ticket_comun'),
(171, 1, 3, 2, 176, 500, 0, 0, 0, 0, '2023-04-27', 'Apr', 2023, '', '', 'KG', 3, 3, 'Orizontal-A4'),
(172, 78, 3, 2, 177, 10170, 0, 0, 0, 0, '2023-04-27', 'Apr', 2023, '', '', '', 3, 3, 'Orizontal-A4'),
(173, 22, 3, 2, 178, 10750, 0, 0, 0, 0, '2023-04-27', 'Apr', 2023, '', '', '', 3, 3, 'Orizontal-A4'),
(174, 5, 3, 2, 179, 12030, 0, 0, 0, 0, '2023-04-27', 'Apr', 2023, '', '', '', 3, 3, 'Orizontal-A4'),
(175, 77, 3, 2, 180, 5150, 0, 0, 0, 0, '2023-04-27', 'Apr', 2023, '', '', '', 3, 3, 'Orizontal-A4'),
(176, 137, 3, 2, 181, 2060, 0, 0, 0, 0, '2023-04-27', 'Apr', 2023, '', '', '', 3, 3, 'Orizontal-A4'),
(177, 365, 3, 2, 182, 4950, 0, 0, 0, 0, '2023-04-27', 'Apr', 2023, '', '', '', 3, 3, 'Orizontal-A4'),
(178, 211, 3, 2, 183, 4950, 0, 0, 0, 0, '2023-04-27', 'Apr', 2023, '', '', '', 3, 3, 'Orizontal-A4'),
(179, 451, 3, 2, 184, 2060, 0, 0, 0, 0, '2023-04-27', 'Apr', 2023, '', '', '', 3, 3, 'Orizontal-A4'),
(180, 212, 3, 2, 185, 3820, 0, 0, 0, 0, '2023-04-27', 'Apr', 2023, '', '', '', 3, 3, 'Orizontal-A4'),
(181, 3, 3, 2, 186, 8550, 0, 0, 0, 0, '2023-04-27', 'Apr', 2023, '', '', '', 3, 3, 'Orizontal-A4'),
(182, 198, 3, 2, 187, 7940, 0, 0, 0, 0, '2023-04-27', 'Apr', 2023, '', '', '', 3, 3, 'Orizontal-A4'),
(183, 448, 3, 2, 188, 3450, 0, 0, 0, 0, '2023-04-27', 'Apr', 2023, '', '', '', 3, 3, 'Orizontal-A4'),
(184, 10, 3, 2, 189, 48750, 0, 0, 0, 0, '2023-04-27', 'Apr', 2023, '', '', '', 3, 3, 'Orizontal-A4'),
(185, 297, 3, 2, 190, 6900, 0, 0, 0, 0, '2023-04-27', 'Apr', 2023, '', '', '', 3, 3, 'Orizontal-A4'),
(186, 133, 3, 2, 191, 8470, 0, 0, 0, 0, '2023-04-27', 'Apr', 2023, '', '', '', 3, 3, 'Orizontal-A4'),
(187, 460, 3, 2, 192, 5320, 0, 0, 0, 0, '2023-04-27', 'Apr', 2023, '', '', 'OFERTA ', 3, 3, 'Orizontal-A4'),
(188, 2, 1, 1, 193, 6000, 0, 0, 0, 0, '2023-04-27', 'Apr', 2023, '', '', '', 1, 3, 'Factura_B'),
(189, 2, 1, 1, 193, 6430, 0, 0, 0, 0, '2023-04-27', 'Apr', 2023, '', '', '', 1, 3, 'Factura_B'),
(190, 2, 1, 1, 193, 6430, 0, 0, 0, 0, '2023-04-27', 'Apr', 2023, '', '', '', 1, 3, 'Factura_A'),
(191, 2, 1, 1, 194, 7700, 0, 0, 0, 0, '2023-04-27', 'Apr', 2023, '', '', '', 1, 3, 'ticket_comun'),
(192, 2, 1, 1, 195, 10850, 0, 0, 0, 0, '2023-04-27', 'Apr', 2023, '', '', '', 1, 3, 'Factura_B'),
(193, 214, 3, 2, 196, 7350, 0, 0, 0, 0, '2023-04-27', 'Apr', 2023, '', '', '', 3, 3, 'Orizontal-A4'),
(194, 232, 3, 2, 197, 7550, 0, 0, 0, 0, '2023-04-27', 'Apr', 2023, '', '', '', 3, 3, 'Orizontal-A4'),
(195, 114, 3, 2, 198, 11250, 0, 0, 0, 0, '2023-04-27', 'Apr', 2023, '', '', '', 3, 3, 'Orizontal-A4'),
(196, 1, 3, 2, 199, 5900, 0, 0, 0, 0, '2023-04-27', 'Apr', 2023, '', '', '', 3, 3, 'Orizontal-A4'),
(197, 1, 3, 2, 200, 5450, 0, 0, 0, 0, '2023-04-27', 'Apr', 2023, '', '', '', 3, 3, 'Orizontal-A4'),
(198, 1, 3, 2, 202, 9730, 0, 0, 0, 0, '2023-04-27', 'Apr', 2023, '', '', '', 3, 3, 'Orizontal-A4'),
(200, 7, 3, 2, 203, 47425, 0, 0, 0, 0, '2023-04-27', 'Apr', 2023, '', '', '', 3, 3, 'Orizontal-A4'),
(201, 131, 3, 2, 204, 7350, 0, 0, 0, 0, '2023-04-28', 'Apr', 2023, '', '', '', 3, 3, 'Orizontal-A4'),
(202, 95, 3, 2, 205, 1001320, 0, 0, 0, 0, '2023-04-28', 'Apr', 2023, '', '', '', 3, 3, 'Orizontal-A4'),
(203, 79, 3, 2, 206, 7270, 0, 0, 0, 0, '2023-04-28', 'Apr', 2023, '', '', '', 3, 3, 'Orizontal-A4'),
(204, 460, 3, 2, 207, 7950, 0, 0, 0, 0, '2023-04-28', 'Apr', 2023, '', '', 'ABONA EN EFECTIVO ', 3, 3, 'Orizontal-A4'),
(205, 1, 3, 2, 208, 3400, 0, 0, 0, 0, '2023-04-28', 'Apr', 2023, '', '', '', 3, 3, 'Orizontal-A4'),
(206, 328, 3, 2, 209, 2060, 0, 0, 0, 0, '2023-04-28', 'Apr', 2023, '', '', '', 3, 3, 'Orizontal-A4'),
(209, 94, 3, 2, 210, 38550, 0, 0, 0, 0, '2023-04-28', 'Apr', 2023, '', '', '', 3, 3, 'Orizontal-A4'),
(210, 101, 3, 2, 212, 4950, 0, 0, 0, 0, '2023-04-29', 'Apr', 2023, '', '', '', 3, 3, 'Orizontal-A4'),
(211, 1, 3, 2, 213, 9150, 0, 0, 0, 0, '2023-04-29', 'Apr', 2023, '', '', '', 3, 3, 'Orizontal-A4'),
(212, 61, 3, 2, 211, 37670, 0, 0, 0, 0, '2023-04-29', 'Apr', 2023, '', '', '', 3, 3, 'Orizontal-A4'),
(213, 1, 3, 2, 212, 10600, 0, 0, 0, 0, '2023-04-29', 'Apr', 2023, '', '', '', 3, 3, 'Orizontal-A4'),
(214, 1, 3, 2, 213, 5650, 0, 0, 0, 0, '2023-04-29', 'Apr', 2023, '', '', '', 3, 3, 'Orizontal-A4'),
(215, 460, 3, 2, 214, 7970, 0, 0, 0, 0, '2023-04-29', 'Apr', 2023, '', '', '', 3, 3, 'Orizontal-A4'),
(216, 460, 3, 2, 215, 7970, 0, 0, 0, 0, '2023-04-29', 'Apr', 2023, '', '', 'ABONA EN EFECTIVO ', 3, 3, 'Orizontal-A4'),
(217, 1, 3, 2, 216, 12600, 0, 0, 0, 0, '2023-05-02', 'May', 2023, '', '', 'SANCHO MANUEL ', 3, 3, 'Orizontal-A4'),
(218, 35, 3, 2, 217, 13100, 0, 0, 0, 0, '2023-05-02', 'May', 2023, '', '', '', 3, 3, 'Orizontal-A4'),
(219, 428, 3, 2, 218, 4950, 0, 0, 0, 0, '2023-05-02', 'May', 2023, '', '', '', 3, 3, 'Orizontal-A4'),
(220, 92, 3, 2, 219, 4400, 0, 0, 0, 0, '2023-05-02', 'May', 2023, '', '', '', 3, 3, 'Orizontal-A4'),
(221, 38, 3, 2, 220, 19100, 0, 0, 0, 0, '2023-05-02', 'May', 2023, '', '', '', 3, 3, 'Orizontal-A4'),
(222, 41, 3, 2, 221, 4950, 0, 0, 0, 0, '2023-05-02', 'May', 2023, '', '', '', 3, 3, 'Orizontal-A4'),
(223, 310, 3, 2, 222, 7270, 0, 0, 0, 0, '2023-05-02', 'May', 2023, '', '', '', 3, 3, 'Orizontal-A4'),
(224, 43, 3, 2, 223, 5460, 0, 0, 0, 0, '2023-05-02', 'May', 2023, '', '', '', 3, 3, 'Orizontal-A4'),
(225, 44, 3, 2, 224, 8550, 0, 0, 0, 0, '2023-05-02', 'May', 2023, '', '', '', 3, 3, 'Orizontal-A4'),
(226, 145, 3, 2, 225, 3450, 0, 0, 0, 0, '2023-05-02', 'May', 2023, '', '', '', 3, 3, 'Orizontal-A4'),
(227, 390, 3, 2, 226, 3400, 0, 0, 0, 0, '2023-05-02', 'May', 2023, '', '', '', 3, 3, 'Orizontal-A4'),
(228, 122, 3, 2, 227, 3970, 0, 0, 0, 0, '2023-05-02', 'May', 2023, '', '', '1/2 Dr. Perrot', 3, 3, 'Orizontal-A4'),
(229, 101, 3, 2, 228, 3450, 0, 0, 0, 0, '2023-05-02', 'May', 2023, '', '', '', 3, 3, 'Orizontal-A4'),
(230, 47, 3, 2, 229, 23120, 0, 0, 0, 0, '2023-05-02', 'May', 2023, '', '', '', 3, 3, 'Orizontal-A4'),
(231, 1, 3, 2, 230, 1530, 0, 0, 0, 0, '2023-05-02', 'May', 2023, '', '', '', 3, 3, 'Orizontal-A4'),
(232, 49, 3, 2, 231, 11430, 0, 0, 0, 0, '2023-05-02', 'May', 2023, '', '', '', 3, 3, 'Orizontal-A4'),
(233, 104, 3, 2, 232, 3450, 0, 0, 0, 0, '2023-05-02', 'May', 2023, '', '', '', 3, 3, 'Orizontal-A4'),
(234, 51, 3, 2, 233, 11170, 0, 0, 0, 0, '2023-05-02', 'May', 2023, '', '', '', 3, 3, 'Orizontal-A4'),
(235, 124, 3, 2, 234, 5020, 0, 0, 0, 0, '2023-05-02', 'May', 2023, '', '', '', 3, 3, 'Orizontal-A4'),
(237, 53, 3, 2, 237, 15700, 0, 0, 0, 0, '2023-05-02', 'May', 2023, '', '', '', 3, 3, 'Orizontal-A4'),
(238, 126, 3, 2, 238, 7350, 0, 0, 0, 0, '2023-05-02', 'May', 2023, '', '', '', 3, 3, 'Orizontal-A4'),
(239, 108, 3, 2, 239, 4950, 0, 0, 0, 0, '2023-05-02', 'May', 2023, '', '', '', 3, 3, 'Orizontal-A4'),
(240, 52, 3, 2, 240, 19780, 0, 0, 0, 0, '2023-05-02', 'May', 2023, '', '', '', 3, 3, 'Orizontal-A4'),
(241, 259, 3, 2, 241, 8400, 0, 0, 0, 0, '2023-05-02', 'May', 2023, '', '', '', 3, 3, 'Orizontal-A4'),
(242, 280, 3, 2, 242, 6900, 0, 0, 0, 0, '2023-05-02', 'May', 2023, '', '', '', 3, 3, 'Orizontal-A4'),
(244, 267, 3, 2, 243, 11850, 0, 0, 0, 0, '2023-05-02', 'May', 2023, '', '', '', 3, 3, 'Orizontal-A4'),
(247, 242, 3, 2, 245, 4950, 0, 0, 0, 0, '2023-05-02', 'May', 2023, '', '', '', 3, 3, 'Orizontal-A4'),
(248, 247, 3, 2, 247, 3820, 0, 0, 0, 0, '2023-05-02', 'May', 2023, '', '', '', 3, 3, 'Orizontal-A4'),
(249, 1, 3, 2, 248, 2400, 0, 0, 0, 0, '2023-05-02', 'May', 2023, '', '', '', 3, 3, 'Orizontal-A4'),
(250, 281, 3, 2, 249, 3450, 0, 0, 0, 0, '2023-05-02', 'May', 2023, '', '', '', 3, 3, 'Orizontal-A4'),
(251, 107, 3, 2, 235, 12500, 0, 0, 0, 0, '2023-05-02', 'May', 2023, '', '', '', 3, 3, 'Orizontal-A4'),
(260, 181, 3, 2, 250, 86750, 0, 0, 0, 0, '2023-05-03', 'May', 2023, '', '', '', 3, 3, 'Orizontal-A4'),
(261, 402, 3, 2, 251, 2060, 0, 0, 0, 0, '2023-05-03', 'May', 2023, '', '', '', 3, 3, 'Orizontal-A4'),
(262, 1, 3, 2, 252, 3360, 0, 0, 0, 0, '2023-05-03', 'May', 2023, '', '', '', 3, 3, 'Orizontal-A4'),
(263, 405, 3, 2, 253, 120266, 0, 0, 0, 0, '2023-05-03', 'May', 2023, '', '', '', 3, 3, 'Orizontal-A4'),
(264, 209, 3, 2, 254, 12500, 0, 0, 0, 0, '2023-05-03', 'May', 2023, '', '', '', 3, 3, 'Orizontal-A4'),
(265, 1, 3, 2, 255, 18620, 0, 0, 0, 0, '2023-05-03', 'May', 2023, '', '', '', 3, 3, 'Orizontal-A4');

--
-- Volcado de datos para la tabla `lista`
--

INSERT INTO `lista` (`idlista`, `rubro`, `marca`, `orden`) VALUES
(98, 'salud e higiene', 'DERMAPET', 0);

--
-- Volcado de datos para la tabla `locales`
--

INSERT INTO `locales` (`idlocal`, `nombre_local`, `direccion_local`, `celular_local`, `idusuario`, `estado`) VALUES
(1, 'SUCURSAL VELEZ SARFIELD', 'VELEZ SARFIELD 436 Bº CENTRO', '3888462499', 1, 0),
(2, 'DISTRIBUIDORA CENTRALL', '9 DE JULIO 432 Bº CENTRO', '3888462499', 0, 0);

--
-- Volcado de datos para la tabla `marcas`
--

INSERT INTO `marcas` (`idmarca`, `nombre_marca`, `detalle`, `idrubro`) VALUES
(5, 'golocan', 'golosina', 13),
(8, 'ZOOTEC', '', 9),
(12, 'innovar', '', 13),
(13, 'CAN CAT', '', 9),
(14, 'RASCALS', '', 9),
(23, 'INFINITY PREMIUM', '', 14),
(24, 'PETS PLAST', '', 9),
(25, 'HUELLA', '', 9),
(26, 'CANILES', '', 11),
(27, 'DERMAPET', '', 12),
(30, 'CUERO', '', 9),
(32, 'NATURE', '', 14),
(33, 'VITAL CAN', '', 14),
(35, 'AMI RASCADORES GATOS', '', 9),
(37, 'bestia peluda', '', 9),
(40, 'ECONOMICOS', '', 14),
(41, 'INSIGNIA', '', 14),
(43, 'CANCAT (GATOS)', '', 9),
(44, 'PIEDRAS PARA GATOS', '', 9),
(45, 'ROEDORES', '', 9),
(46, 'SIEGER', '', 14),
(48, 'CAMPERAS FORRADAS', '', 17),
(49, 'PACHÁ', '', 14),
(50, 'GRAN CAMPEÓN', '', 14),
(51, 'TIERNITOS', '', 14),
(52, 'PROTEMIX PREMIUM', '', 14),
(53, 'D.S CRIADORES', '', 14),
(54, 'D.S PREMIUM', '', 14),
(55, 'D.S SUPER PREMIUM', '', 14),
(56, 'ESTAMPA', '', 14),
(57, 'VAGONETA', '', 14),
(58, 'PEDIGREE', '', 18),
(59, 'SIMPARICA', '', 12),
(60, 'TEA', '', 12),
(62, 'HUESOS DEL SUR EMPAQUE', '', 9),
(63, 'PAÑOS CAN CAT', '', 9),
(65, 'RAST', '', 9),
(66, 'MIMITOS', 'INDUMENTARIA', 7),
(67, 'sustituto lacteo', '', 14),
(68, 'AGILITY', '', 14),
(69, 'LECHE & MIEL', '', 9),
(70, 'COLCHONETAS HUELLA', '', 9),
(71, 'OPTIMUM', '', 22),
(72, 'LATA AGILITY', '', 22),
(73, 'LATA WHISKAS & PEDIGREE', '', 22);

--
-- Volcado de datos para la tabla `pagos_cuenta`
--

INSERT INTO `pagos_cuenta` (`idpagos_cuenta`, `idcuenta_corriente`, `fecha`, `numero_factura`, `monto_factura`, `recibido_antes`, `recibido_ahora`, `saldo`, `mes`, `año`) VALUES
(1, 23, '2022-11-01', 1, '50200', '0', '10200', '40000', 'Noviembre', 2022),
(2, 46, '2022-12-08', 3, '12840', '0', '2840', '10000', 'Diciembre', 2022),
(3, 48, '2023-04-03', 5, '16600', '0', '6600', '10000', 'Abril', 2023),
(4, 48, '2023-04-03', 5, '16600', '6600', '10000', '0', 'Abril', 2023);

--
-- Volcado de datos para la tabla `permisos`
--

INSERT INTO `permisos` (`id`, `nombre`) VALUES
(1, 'configuración'),
(2, 'usuarios'),
(3, 'clientes'),
(4, 'productos'),
(5, 'venta'),
(6, 'cuenta_corriente'),
(7, 'proveedor'),
(8, 'informes');

--
-- Volcado de datos para la tabla `proveedores`
--

INSERT INTO `proveedores` (`idproveedor`, `nombre_proveedor`, `celular`, `direccion`, `correo`, `estado`) VALUES
(1, 'petfood saladillo', '1145786', 'saladillo', 'info@petfoodsaladillo.com.ar', 1),
(2, 'VILTE SRL', '', 'FUERZA AEREA Bª ALTO COMEDERO', '', 0),
(3, 'FRUAL SRL', '', 'SALTA CAPITAL', '', 0),
(4, 'MARQUEZ', '', 'JUJUY', '', 0),
(5, 'MIMITOS', '1', 'SALTA', '', 0),
(6, 'BERTUZZI', '1', 'SALTA', 'BERTUZI@GMAIL.COM', 0),
(7, 'DIEGO DERMAPET', '1', 'JUJUY', 'W@COM.AR', 0),
(8, 'JOSMAYO', '3815465197', 'LOS LANCEROS 1359', 'JOSMAYO.SALTA@JOSMAYO.COM.AR', 0);

--
-- Volcado de datos para la tabla `rubro`
--

INSERT INTO `rubro` (`idrubro`, `nombre_rubro`, `detalle`) VALUES
(5, 'roedores', ''),
(7, 'indumentaria', 'mimitos'),
(8, 'PECES', ''),
(9, 'ACCESORIOS ', ''),
(11, 'TRANSPORTE', ''),
(12, 'salud e higiene', ''),
(13, 'GOLOSINAS', ''),
(14, 'ALIMENTOS', ''),
(16, 'ROEDOR', ''),
(17, 'MIMITOS', ''),
(18, 'SALSAS', ''),
(19, 'huesos del sur', ''),
(21, 'huesos del norte', ''),
(22, 'ALIMENTOS HUMEDOS', '');

--
-- Volcado de datos para la tabla `supercaja`
--

INSERT INTO `supercaja` (`idsuperCaja`, `nombreCaja`, `fechaApertura`, `efectivoApertura`, `fechaCierre`, `efectivoCierre`, `creditoCierre`, `debitoCierre`, `transferenciaCierre`, `compras`, `gastos`, `totalN`, `totalB`, `totalA`, `estado`, `idlocal`) VALUES
(1, 'caja1', '2023-04-08', '2000', '2023-04-11', '55160', '8040', '6020', '0', '0', '0', '9580', '22800', '36840', 1, 1),
(2, 'caja2', '2023-04-08', '0', '2023-04-11', '0', '0', '0', '0', '0', '0', '0', '0', '0', 1, 1),
(3, 'caja3', '2023-04-11', '2500', '0000-00-00', '0', '0', '0', '0', '0', '0', '0', '0', '0', 0, 1);

--
-- Volcado de datos para la tabla `usuario`
--

INSERT INTO `usuario` (`idusuario`, `nombre`, `apellido`, `correo`, `usuario`, `clave`, `estado`, `idlocal`, `rol`) VALUES
(1, 'admin', 'admin', 'butmitre12@gmail.com', 'Sucursal Central', '21232f297a57a5a743894a0e4a801fc3', 1, 1, 1),
(2, 'antonio', 'lazarte', 'antonio@gmail.com', 'antonio', 'f4f068e71e0d87bf0ad51e6214ab84e9', 0, 2, 2),
(3, 'Central', '', 'central@gmail.com', 'Distribuidora Centra', '21232f297a57a5a743894a0e4a801fc3', 1, 2, 1);

--
-- Volcado de datos para la tabla `ventas`
--

INSERT INTO `ventas` (`idventa`, `idusuario`, `idcliente`, `idproducto`, `numero_factura`, `cantidad`, `fecha_venta`, `importe`, `descuento`, `subtotal`, `preciofinal`, `total_venta`, `interes`, `mediodepago`, `tipoventa`, `idlocal`, `idcaja`, `mes`, `año`, `gramos`, `mi_precio`, `total_compra`, `observacion`, `idvendedor`) VALUES
(2, 3, 1, 10755607, 1, 1, '2023-04-13', '0', '0', '3820', '3820', '3820', '0', 'Efectivo', 'Precio x Menor', 2, 3, 'Abril', 2023, '0', '2890', '2890', '', 3),
(3, 3, 78, 10755379, 2, 1, '2023-04-13', '0', '0', '8350', '8350', '8350', '0', 'Efectivo', 'Precio x Menor', 2, 3, 'Abril', 2023, '0', '6441', '6441', '', 3),
(4, 3, 78, 10755024, 2, 1, '2023-04-13', '0', '0', '5150', '5150', '5150', '0', 'Efectivo', 'Precio x Menor', 2, 3, 'Abril', 2023, '0', '3918', '3918', '', 3),
(5, 3, 283, 10755607, 3, 1, '2023-04-13', '0', '0', '3820', '3820', '3820', '0', 'Efectivo', 'Precio x Menor', 2, 3, 'Abril', 2023, '0', '2890', '2890', '', 3),
(6, 3, 79, 10755027, 4, 1, '2023-04-13', '0', '0', '5020', '5020', '5020', '0', 'Efectivo', 'Precio x Menor', 2, 3, 'Abril', 2023, '0', '3840', '3840', '', 3),
(7, 3, 79, 10755018, 4, 1, '2023-04-13', '0', '0', '3450', '3450', '3450', '0', 'Efectivo', 'Precio x Menor', 2, 3, 'Abril', 2023, '0', '2613', '2613', '', 3),
(8, 3, 5, 10755044, 5, 1, '2023-04-13', '0', '0', '2060', '2060', '2060', '0', 'Efectivo', 'Precio x Menor', 2, 3, 'Abril', 2023, '0', '1570', '1570', '', 3),
(9, 3, 4, 10755568, 6, 1, '2023-04-13', '0', '0', '4950', '4950', '4950', '0', 'Efectivo', 'Precio x Menor', 2, 3, 'Abril', 2023, '0', '3760', '3760', '', 3),
(10, 3, 4, 10755044, 6, 1, '2023-04-13', '0', '0', '2060', '2060', '2060', '0', 'Efectivo', 'Precio x Menor', 2, 3, 'Abril', 2023, '0', '1570', '1570', '', 3),
(11, 3, 365, 10755018, 7, 1, '2023-04-13', '0', '0', '3450', '3450', '3450', '0', 'Efectivo', 'Precio x Menor', 2, 3, 'Abril', 2023, '0', '2613', '2613', '', 3),
(12, 3, 218, 10755607, 8, 1, '2023-04-13', '0', '0', '3820', '3820', '3820', '0', 'Efectivo', 'Precio x Menor', 2, 3, 'Abril', 2023, '0', '2890', '2890', '', 3),
(13, 3, 468, 10755607, 9, 1, '2023-04-13', '0', '0', '3820', '3820', '3820', '0', 'Efectivo', 'Precio x Menor', 2, 3, 'Abril', 2023, '0', '2890', '2890', '', 3),
(14, 3, 211, 10755568, 10, 1, '2023-04-13', '0', '0', '4950', '4950', '4950', '0', 'Efectivo', 'Precio x Menor', 2, 3, 'Abril', 2023, '0', '3760', '3760', '', 3),
(15, 3, 6, 10755067, 11, 1, '2023-04-13', '0', '0', '3400', '3400', '3400', '0', 'Efectivo', 'Precio x Menor', 2, 3, 'Abril', 2023, '0', '2534', '2534', '', 3),
(16, 3, 3, 10755017, 12, 1, '2023-04-13', '0', '0', '5150', '5150', '5150', '0', 'Efectivo', 'Precio x Menor', 2, 3, 'Abril', 2023, '0', '3959', '3959', '', 3),
(17, 3, 3, 10755067, 12, 1, '2023-04-13', '0', '0', '3400', '3400', '3400', '0', 'Efectivo', 'Precio x Menor', 2, 3, 'Abril', 2023, '0', '2534', '2534', '', 3),
(18, 3, 3, 10755009, 12, 1, '2023-04-13', '0', '0', '5850', '5850', '5850', '0', 'Efectivo', 'Precio x Menor', 2, 3, 'Abril', 2023, '0', '4355', '4355', '', 3),
(19, 3, 198, 10755607, 13, 1, '2023-04-13', '0', '0', '3820', '3820', '3820', '0', 'Efectivo', 'Precio x Menor', 2, 3, 'Abril', 2023, '0', '2890', '2890', '', 3),
(20, 3, 198, 10755044, 13, 1, '2023-04-13', '0', '0', '2060', '2060', '2060', '0', 'Efectivo', 'Precio x Menor', 2, 3, 'Abril', 2023, '0', '1570', '1570', '', 3),
(21, 3, 314, 10755611, 14, 1, '2023-04-13', '0', '0', '3700', '3700', '3700', '0', 'Efectivo', 'Precio x Menor', 2, 3, 'Abril', 2023, '0', '2990', '2990', '', 3),
(22, 3, 314, 10755568, 14, 1, '2023-04-13', '0', '0', '4950', '4950', '4950', '0', 'Efectivo', 'Precio x Menor', 2, 3, 'Abril', 2023, '0', '3760', '3760', '', 3),
(23, 3, 313, 10755607, 15, 1, '2023-04-13', '0', '0', '3820', '3820', '3820', '0', 'Efectivo', 'Precio x Menor', 2, 3, 'Abril', 2023, '0', '2890', '2890', '', 3),
(24, 3, 0, 10755026, 16, 5, '2023-04-13', '0', '10', '7350', '6615', '33075', '0', 'Efectivo', 'Precio x Menor', 2, 3, 'Abril', 2023, '0', '5620', '28100', '', 3),
(25, 1, 2, 5, 17, 1, '2023-04-13', '0', '0', '9150', '9150', '9150', '0', 'Efectivo', 'Precio x Menor', 1, 3, 'Abril', 2023, '0', '3713', '3713', '', 1),
(26, 3, 393, 10755018, 18, 1, '2023-04-13', '0', '0', '3450', '3450', '3450', '0', 'Efectivo', 'Precio x Menor', 2, 3, 'Abril', 2023, '0', '2613', '2613', '', 3),
(27, 3, 75, 10755018, 19, 1, '2023-04-13', '0', '0', '3450', '3450', '3450', '0', 'Efectivo', 'Precio x Menor', 2, 3, 'Abril', 2023, '0', '2613', '2613', '', 3),
(28, 3, 12, 10755005, 20, 1, '2023-04-13', '0', '0', '8250', '8250', '8250', '0', 'Efectivo', 'Precio x Menor', 2, 3, 'Abril', 2023, '0', '6334', '6334', '', 3),
(29, 3, 185, 10755067, 21, 1, '2023-04-13', '0', '0', '3400', '3400', '3400', '0', 'Efectivo', 'Precio x Menor', 2, 3, 'Abril', 2023, '0', '2534', '2534', '', 3),
(30, 3, 71, 10755568, 22, 1, '2023-04-13', '0', '0', '4950', '4950', '4950', '0', 'Efectivo', 'Precio x Menor', 2, 3, 'Abril', 2023, '0', '3760', '3760', '', 3),
(31, 3, 71, 10755067, 22, 1, '2023-04-13', '0', '0', '3400', '3400', '3400', '0', 'Efectivo', 'Precio x Menor', 2, 3, 'Abril', 2023, '0', '2534', '2534', '', 3),
(32, 3, 16, 10755027, 23, 2, '2023-04-13', '0', '0', '5020', '5020', '10040', '0', 'Efectivo', 'Precio x Menor', 2, 3, 'Abril', 2023, '0', '3840', '7680', '', 3),
(33, 3, 16, 10755026, 23, 2, '2023-04-13', '0', '0', '7350', '7350', '14700', '0', 'Efectivo', 'Precio x Menor', 2, 3, 'Abril', 2023, '0', '5620', '11240', '', 3),
(34, 3, 113, 10755024, 24, 1, '2023-04-13', '0', '0', '5150', '5150', '5150', '0', 'Efectivo', 'Precio x Menor', 2, 3, 'Abril', 2023, '0', '3918', '3918', '', 3),
(35, 3, 113, 10755026, 24, 1, '2023-04-13', '0', '0', '7350', '7350', '7350', '0', 'Efectivo', 'Precio x Menor', 2, 3, 'Abril', 2023, '0', '5620', '5620', '', 3),
(36, 3, 26, 10755568, 25, 1, '2023-04-13', '0', '0', '4950', '4950', '4950', '0', 'Efectivo', 'Precio x Menor', 2, 3, 'Abril', 2023, '0', '3760', '3760', '', 3),
(37, 3, 26, 10755018, 25, 1, '2023-04-13', '0', '0', '3450', '3450', '3450', '0', 'Efectivo', 'Precio x Menor', 2, 3, 'Abril', 2023, '0', '2613', '2613', '', 3),
(38, 3, 61, 10755004, 26, 1, '2023-04-13', '0', '5', '5850', '5558', '5558', '0', 'Efectivo', 'Precio x Menor', 2, 3, 'Abril', 2023, '0', '4632', '4632', '', 3),
(39, 3, 61, 10755345, 26, 1, '2023-04-13', '0', '5', '10900', '10355', '10355', '0', 'Efectivo', 'Precio x Menor', 2, 3, 'Abril', 2023, '0', '4996', '4996', '', 3),
(40, 3, 61, 10755607, 26, 1, '2023-04-13', '0', '5', '3820', '3629', '3629', '0', 'Efectivo', 'Precio x Menor', 2, 3, 'Abril', 2023, '0', '2890', '2890', '', 3),
(41, 3, 61, 10755044, 26, 5, '2023-04-13', '0', '0', '1870', '1870', '9350', '0', 'Efectivo', 'Precio x Mayor', 2, 3, 'Abril', 2023, '0', '1570', '7850', '', 3),
(43, 3, 61, 10755353, 26, 1, '2023-04-13', '0', '5', '7780', '7391', '7391', '0', 'Efectivo', 'Precio x Menor', 2, 3, 'Abril', 2023, '0', '4390', '4390', '', 3),
(44, 3, 61, 10755360, 26, 1, '2023-04-13', '0', '5', '6850', '6508', '6508', '0', 'Efectivo', 'Precio x Menor', 2, 3, 'Abril', 2023, '0', '3098', '3098', '', 3),
(45, 3, 61, 10755026, 26, 1, '2023-04-13', '0', '5', '7350', '6983', '6983', '0', 'Efectivo', 'Precio x Menor', 2, 3, 'Abril', 2023, '0', '5620', '5620', '', 3),
(46, 3, 61, 10755005, 26, 1, '2023-04-13', '0', '0', '8250', '8250', '8250', '0', 'Efectivo', 'Precio x Menor', 2, 3, 'Abril', 2023, '0', '6334', '6334', '', 3),
(47, 3, 1, 10755607, 27, 1, '2023-04-13', '0', '0', '3820', '3820', '3820', '0', 'Efectivo', 'Precio x Menor', 2, 3, 'Abril', 2023, '0', '2890', '2890', '', 3),
(48, 3, 1, 10755700, 28, 1, '2023-04-14', '0', '0', '12950', '12950', '12950', '0', 'Efectivo', 'Precio x Menor', 2, 3, 'Abril', 2023, '0', '9177', '9177', '', 3),
(49, 3, 90, 10755568, 29, 3, '2023-04-15', '0', '10', '4950', '4455', '13365', '0', 'Efectivo', 'Precio x Menor', 2, 3, 'Abril', 2023, '0', '3760', '11280', '', 3),
(50, 3, 90, 10755568, 30, 4, '2023-04-15', '0', '10', '4950', '4455', '17820', '0', 'Efectivo', 'Precio x Menor', 2, 3, 'Abril', 2023, '0', '3760', '15040', '', 3),
(51, 3, 229, 10755046, 31, 1, '2023-04-15', '0', '0', '1800', '1800', '1800', '0', 'Efectivo', 'Precio x Menor', 2, 3, 'Abril', 2023, '0', '0', '0', '', 3),
(52, 3, 229, 10755826, 31, 1, '2023-04-15', '0', '0', '3850', '3850', '3850', '0', 'Efectivo', 'Precio x Menor', 2, 3, 'Abril', 2023, '0', '2940', '2940', '', 3),
(53, 3, 1, 10755044, 32, 1, '2023-04-17', '0', '0', '2060', '2060', '2060', '0', 'Efectivo', 'Precio x Menor', 2, 3, 'Abril', 2023, '0', '1570', '1570', '', 3),
(54, 3, 1, 10755300, 33, 1, '2023-04-17', '0', '0', '3400', '3400', '3400', '0', 'Efectivo', 'Precio x Menor', 2, 3, 'Abril', 2023, '0', '2580', '2580', '', 3),
(55, 3, 1, 10755826, 33, 1, '2023-04-17', '0', '0', '3850', '3850', '3850', '0', 'Efectivo', 'Precio x Menor', 2, 3, 'Abril', 2023, '0', '2940', '2940', '', 3),
(56, 3, 95, 10755026, 34, 3, '2023-04-17', '0', '0', '6130', '6130', '18390', '0', 'Efectivo', 'Precio x Mayor', 2, 3, 'Abril', 2023, '0', '5620', '16860', '', 3),
(57, 3, 95, 10755028, 34, 3, '2023-04-17', '0', '0', '3360', '3360', '10080', '0', 'Efectivo', 'Precio x Mayor', 2, 3, 'Abril', 2023, '0', '3088', '9264', '', 3),
(58, 3, 95, 10755345, 34, 1, '2023-04-17', '0', '0', '9700', '9700', '9700', '0', 'Efectivo', 'Precio x Mayor', 2, 3, 'Abril', 2023, '0', '4996', '4996', '', 3),
(60, 3, 95, 10755358, 34, 2, '2023-04-17', '0', '0', '6000', '6000', '12000', '0', 'Efectivo', 'Precio x Mayor', 2, 3, 'Abril', 2023, '0', '3098', '6196', '', 3),
(61, 3, 95, 10755360, 34, 2, '2023-04-17', '0', '0', '6000', '6000', '12000', '0', 'Efectivo', 'Precio x Mayor', 2, 3, 'Abril', 2023, '0', '3098', '6196', '', 3),
(62, 3, 95, 10755812, 34, 1, '2023-04-17', '0', '10', '12700', '11430', '11430', '0', 'Efectivo', 'Precio x Menor', 2, 3, 'Abril', 2023, '0', '9916', '9916', '', 3),
(64, 3, 95, 10754998, 34, 1, '2023-04-17', '0', '0', '7650', '7650', '7650', '0', 'Efectivo', 'Precio x Mayor', 2, 3, 'Abril', 2023, '0', '6950', '6950', '', 3),
(65, 3, 95, 10754997, 34, 2, '2023-04-17', '0', '0', '9070', '9070', '18140', '0', 'Efectivo', 'Precio x Mayor', 2, 3, 'Abril', 2023, '0', '8241', '16482', '', 3),
(66, 3, 95, 10755611, 34, 2, '2023-04-17', '0', '0', '3300', '3300', '6600', '0', 'Efectivo', 'Precio x Mayor', 2, 3, 'Abril', 2023, '0', '2990', '5980', '', 3),
(67, 3, 95, 10755034, 34, 2, '2023-04-17', '0', '0', '7230', '7230', '14460', '0', 'Efectivo', 'Precio x Mayor', 2, 3, 'Abril', 2023, '0', '6455', '12910', '', 3),
(68, 3, 95, 10755386, 34, 12, '2023-04-17', '0', '0', '400', '400', '4800', '0', 'Efectivo', 'Precio x Mayor', 2, 3, 'Abril', 2023, '0', '278', '3336', '', 3),
(69, 3, 95, 10755387, 34, 6, '2023-04-17', '0', '0', '400', '400', '2400', '0', 'Efectivo', 'Precio x Mayor', 2, 3, 'Abril', 2023, '0', '278', '1668', '', 3),
(70, 3, 95, 10755383, 34, 6, '2023-04-17', '0', '0', '400', '400', '2400', '0', 'Efectivo', 'Precio x Mayor', 2, 3, 'Abril', 2023, '0', '278', '1668', '', 3),
(71, 3, 95, 10755621, 34, 6, '2023-04-17', '0', '0', '790', '790', '4740', '0', 'Efectivo', 'Precio x Mayor', 2, 3, 'Abril', 2023, '0', '610', '3660', '', 3),
(72, 3, 95, 10755620, 34, 6, '2023-04-17', '0', '0', '570', '570', '3420', '0', 'Efectivo', 'Precio x Mayor', 2, 3, 'Abril', 2023, '0', '433', '2598', '', 3),
(74, 3, 95, 10755627, 34, 3, '2023-04-17', '0', '0', '1450', '1450', '4350', '0', 'Efectivo', 'Precio x Mayor', 2, 3, 'Abril', 2023, '0', '1157', '3471', '', 3),
(75, 3, 95, 10755624, 34, 6, '2023-04-17', '0', '0', '1230', '1230', '7380', '0', 'Efectivo', 'Precio x Mayor', 2, 3, 'Abril', 2023, '0', '980', '5880', '', 3),
(76, 3, 95, 10755106, 34, 4, '2023-04-17', '0', '0', '900', '900', '3600', '0', 'Efectivo', 'Precio x Menor', 2, 3, 'Abril', 2023, '0', '400', '1600', '', 3),
(77, 3, 88, 10755381, 35, 1, '2023-04-17', '0', '0', '8350', '8350', '8350', '0', 'Efectivo', 'Precio x Menor', 2, 3, 'Abril', 2023, '0', '6441', '6441', '', 3),
(78, 3, 88, 10755379, 35, 1, '2023-04-17', '0', '0', '8350', '8350', '8350', '0', 'Efectivo', 'Precio x Menor', 2, 3, 'Abril', 2023, '0', '6441', '6441', '', 3),
(79, 3, 88, 10755568, 35, 1, '2023-04-17', '0', '0', '4950', '4950', '4950', '0', 'Efectivo', 'Precio x Menor', 2, 3, 'Abril', 2023, '0', '3760', '3760', '', 3),
(80, 3, 88, 10755067, 35, 1, '2023-04-17', '0', '0', '3400', '3400', '3400', '0', 'Efectivo', 'Precio x Menor', 2, 3, 'Abril', 2023, '0', '2534', '2534', '', 3),
(81, 3, 88, 10755018, 35, 1, '2023-04-17', '0', '0', '3450', '3450', '3450', '0', 'Efectivo', 'Precio x Menor', 2, 3, 'Abril', 2023, '0', '2613', '2613', '', 3),
(82, 3, 82, 10755568, 36, 1, '2023-04-17', '0', '0', '4950', '4950', '4950', '0', 'Efectivo', 'Precio x Menor', 2, 3, 'Abril', 2023, '0', '3760', '3760', '', 3),
(83, 3, 83, 10755013, 37, 1, '2023-04-17', '0', '0', '6000', '6000', '6000', '0', 'Efectivo', 'Precio x Menor', 2, 3, 'Abril', 2023, '0', '4592', '4592', '', 3),
(84, 3, 288, 10755645, 38, 1, '2023-04-17', '0', '0', '500', '500', '500', '0', 'Efectivo', 'Precio x Menor', 2, 3, 'Abril', 2023, '0', '300', '300', '', 3),
(85, 3, 288, 10755018, 38, 1, '2023-04-17', '0', '0', '3450', '3450', '3450', '0', 'Efectivo', 'Precio x Menor', 2, 3, 'Abril', 2023, '0', '2613', '2613', '', 3),
(86, 3, 85, 10755017, 39, 1, '2023-04-17', '0', '0', '5150', '5150', '5150', '0', 'Efectivo', 'Precio x Menor', 2, 3, 'Abril', 2023, '0', '3959', '3959', '', 3),
(87, 3, 85, 10755026, 39, 1, '2023-04-17', '0', '0', '7350', '7350', '7350', '0', 'Efectivo', 'Precio x Menor', 2, 3, 'Abril', 2023, '0', '5620', '5620', '', 3),
(88, 3, 84, 10755013, 40, 1, '2023-04-17', '0', '0', '6000', '6000', '6000', '0', 'Efectivo', 'Precio x Menor', 2, 3, 'Abril', 2023, '0', '4592', '4592', '', 3),
(89, 3, 84, 10755026, 40, 1, '2023-04-17', '0', '0', '7350', '7350', '7350', '0', 'Efectivo', 'Precio x Menor', 2, 3, 'Abril', 2023, '0', '5620', '5620', '', 3),
(90, 3, 20, 10755379, 41, 1, '2023-04-17', '0', '0', '8350', '8350', '8350', '0', 'Efectivo', 'Precio x Menor', 2, 3, 'Abril', 2023, '0', '6441', '6441', '', 3),
(91, 3, 20, 10755380, 41, 1, '2023-04-17', '0', '0', '8350', '8350', '8350', '0', 'Efectivo', 'Precio x Menor', 2, 3, 'Abril', 2023, '0', '6441', '6441', '', 3),
(92, 3, 20, 10755381, 41, 1, '2023-04-17', '0', '0', '8350', '8350', '8350', '0', 'Efectivo', 'Precio x Menor', 2, 3, 'Abril', 2023, '0', '6441', '6441', '', 3),
(93, 3, 20, 10755382, 41, 1, '2023-04-17', '0', '0', '8350', '8350', '8350', '0', 'Efectivo', 'Precio x Menor', 2, 3, 'Abril', 2023, '0', '6441', '6441', '', 3),
(94, 3, 20, 10755034, 41, 1, '2023-04-17', '0', '0', '7950', '7950', '7950', '0', 'Efectivo', 'Precio x Menor', 2, 3, 'Abril', 2023, '0', '6455', '6455', '', 3),
(95, 3, 20, 10755034, 41, 1, '2023-04-17', '0', '0', '7950', '7950', '7950', '0', 'Efectivo', 'Precio x Menor', 2, 3, 'Abril', 2023, '0', '6455', '6455', '', 3),
(96, 3, 20, 10755036, 41, 1, '2023-04-17', '0', '0', '7950', '7950', '7950', '0', 'Efectivo', 'Precio x Menor', 2, 3, 'Abril', 2023, '0', '6455', '6455', '', 3),
(97, 3, 20, 10755568, 41, 1, '2023-04-17', '0', '0', '4950', '4950', '4950', '0', 'Efectivo', 'Precio x Menor', 2, 3, 'Abril', 2023, '0', '3760', '3760', '', 3),
(98, 3, 20, 10755016, 41, 1, '2023-04-17', '0', '0', '7000', '7000', '7000', '0', 'Efectivo', 'Precio x Menor', 2, 3, 'Abril', 2023, '0', '5305', '5305', '', 3),
(99, 3, 20, 10755027, 41, 1, '2023-04-17', '0', '0', '5020', '5020', '5020', '0', 'Efectivo', 'Precio x Menor', 2, 3, 'Abril', 2023, '0', '3840', '3840', '', 3),
(101, 3, 20, 10755026, 41, 1, '2023-04-17', '0', '0', '7350', '7350', '7350', '0', 'Efectivo', 'Precio x Menor', 2, 3, 'Abril', 2023, '0', '5620', '5620', '', 3),
(103, 3, 20, 10755024, 41, 1, '2023-04-17', '0', '0', '5150', '5150', '5150', '0', 'Efectivo', 'Precio x Menor', 2, 3, 'Abril', 2023, '0', '3918', '3918', '', 3),
(104, 3, 20, 10755046, 41, 1, '2023-04-17', '0', '0', '1800', '1800', '1800', '0', 'Efectivo', 'Precio x Menor', 2, 3, 'Abril', 2023, '0', '0', '0', '', 3),
(106, 3, 20, 10755361, 41, 12, '2023-04-17', '0', '0', '200', '200', '2400', '0', 'Efectivo', 'Precio x Menor', 2, 3, 'Abril', 2023, '0', '76', '912', '', 3),
(107, 3, 20, 10755379, 42, 1, '2023-04-17', '0', '5', '8350', '7933', '7933', '0', 'Efectivo', 'Precio x Menor', 2, 3, 'Abril', 2023, '0', '6441', '6441', '', 3),
(108, 3, 20, 10755380, 42, 1, '2023-04-17', '0', '5', '8350', '7933', '7933', '0', 'Efectivo', 'Precio x Menor', 2, 3, 'Abril', 2023, '0', '6441', '6441', '', 3),
(109, 3, 20, 10755381, 42, 1, '2023-04-17', '0', '5', '8350', '7933', '7933', '0', 'Efectivo', 'Precio x Menor', 2, 3, 'Abril', 2023, '0', '6441', '6441', '', 3),
(110, 3, 20, 10755382, 42, 1, '2023-04-17', '0', '5', '8350', '7933', '7933', '0', 'Efectivo', 'Precio x Menor', 2, 3, 'Abril', 2023, '0', '6441', '6441', '', 3),
(111, 3, 20, 10755036, 42, 1, '2023-04-17', '0', '5', '7950', '7553', '7553', '0', 'Efectivo', 'Precio x Menor', 2, 3, 'Abril', 2023, '0', '6455', '6455', '', 3),
(112, 3, 20, 10755034, 42, 1, '2023-04-17', '0', '5', '7950', '7553', '7553', '0', 'Efectivo', 'Precio x Menor', 2, 3, 'Abril', 2023, '0', '6455', '6455', '', 3),
(113, 3, 20, 10755568, 42, 1, '2023-04-17', '0', '5', '4950', '4703', '4703', '0', 'Efectivo', 'Precio x Menor', 2, 3, 'Abril', 2023, '0', '3760', '3760', '', 3),
(114, 3, 20, 10755016, 42, 1, '2023-04-17', '0', '5', '7000', '6650', '6650', '0', 'Efectivo', 'Precio x Menor', 2, 3, 'Abril', 2023, '0', '5305', '5305', '', 3),
(115, 3, 20, 10755027, 42, 1, '2023-04-17', '0', '5', '5020', '4769', '4769', '0', 'Efectivo', 'Precio x Menor', 2, 3, 'Abril', 2023, '0', '3840', '3840', '', 3),
(116, 3, 20, 10755026, 42, 1, '2023-04-17', '0', '5', '7350', '6983', '6983', '0', 'Efectivo', 'Precio x Menor', 2, 3, 'Abril', 2023, '0', '5620', '5620', '', 3),
(117, 3, 20, 10755024, 42, 1, '2023-04-17', '0', '5', '5150', '4893', '4893', '0', 'Efectivo', 'Precio x Menor', 2, 3, 'Abril', 2023, '0', '3918', '3918', '', 3),
(121, 3, 20, 10755569, 42, 12, '2023-04-17', '0', '5', '200', '190', '2280', '0', 'Efectivo', 'Precio x Menor', 2, 3, 'Abril', 2023, '0', '80', '960', '', 3),
(122, 3, 20, 10755361, 42, 12, '2023-04-17', '0', '5', '200', '190', '2280', '0', 'Efectivo', 'Precio x Menor', 2, 3, 'Abril', 2023, '0', '76', '912', '', 3),
(123, 3, 20, 10755046, 42, 1, '2023-04-17', '0', '5', '1800', '1710', '1710', '0', 'Efectivo', 'Precio x Menor', 2, 3, 'Abril', 2023, '0', '0', '0', '', 3),
(124, 3, 191, 10755147, 43, 1, '2023-04-17', '0', '0', '2190', '2190', '2190', '0', 'Efectivo', 'Precio x Menor', 2, 3, 'Abril', 2023, '0', '1460', '1460', '', 3),
(125, 3, 475, 10755607, 44, 1, '2023-04-17', '0', '0', '3820', '3820', '3820', '0', 'Efectivo', 'Precio x Menor', 2, 3, 'Abril', 2023, '0', '2890', '2890', '', 3),
(126, 3, 105, 10755379, 45, 1, '2023-04-17', '0', '0', '8350', '8350', '8350', '0', 'Efectivo', 'Precio x Menor', 2, 3, 'Abril', 2023, '0', '6441', '6441', '', 3),
(127, 3, 1, 10755568, 46, 1, '2023-04-17', '0', '0', '4950', '4950', '4950', '0', 'Efectivo', 'Precio x Menor', 2, 3, 'Abril', 2023, '0', '3760', '3760', '', 3),
(128, 3, 393, 10755568, 47, 1, '2023-04-18', '0', '0', '4950', '4950', '4950', '0', 'Efectivo', 'Precio x Menor', 2, 3, 'Abril', 2023, '0', '3760', '3760', '', 3),
(129, 3, 424, 10755027, 48, 1, '2023-04-18', '0', '0', '5020', '5020', '5020', '0', 'Efectivo', 'Precio x Menor', 2, 3, 'Abril', 2023, '0', '3840', '3840', '', 3),
(130, 3, 424, 10755354, 48, 1, '2023-04-18', '0', '0', '9650', '9650', '9650', '0', 'Efectivo', 'Precio x Menor', 2, 3, 'Abril', 2023, '0', '7398', '7398', '', 3),
(131, 3, 35, 10755607, 49, 1, '2023-04-18', '0', '0', '3820', '3820', '3820', '0', 'Efectivo', 'Precio x Menor', 2, 3, 'Abril', 2023, '0', '2890', '2890', '', 3),
(132, 3, 35, 10755012, 49, 1, '2023-04-18', '0', '0', '3900', '3900', '3900', '0', 'Efectivo', 'Precio x Menor', 2, 3, 'Abril', 2023, '0', '2969', '2969', '', 3),
(133, 3, 292, 10755568, 50, 1, '2023-04-18', '0', '0', '4950', '4950', '4950', '0', 'Efectivo', 'Precio x Menor', 2, 3, 'Abril', 2023, '0', '3760', '3760', '', 3),
(134, 3, 92, 10755568, 51, 1, '2023-04-18', '0', '0', '4950', '4950', '4950', '0', 'Efectivo', 'Precio x Menor', 2, 3, 'Abril', 2023, '0', '3760', '3760', '', 3),
(135, 3, 38, 10755030, 52, 1, '2023-04-18', '0', '0', '10750', '10750', '10750', '0', 'Efectivo', 'Precio x Menor', 2, 3, 'Abril', 2023, '0', '8260', '8260', '', 3),
(136, 3, 38, 10755016, 52, 1, '2023-04-18', '0', '0', '7000', '7000', '7000', '0', 'Efectivo', 'Precio x Menor', 2, 3, 'Abril', 2023, '0', '5305', '5305', '', 3),
(137, 3, 100, 10755026, 53, 1, '2023-04-18', '0', '0', '7350', '7350', '7350', '0', 'Efectivo', 'Precio x Menor', 2, 3, 'Abril', 2023, '0', '5620', '5620', '', 3),
(138, 3, 310, 10755607, 54, 1, '2023-04-18', '0', '0', '3820', '3820', '3820', '0', 'Efectivo', 'Precio x Menor', 2, 3, 'Abril', 2023, '0', '2890', '2890', '', 3),
(139, 3, 130, 10755568, 55, 1, '2023-04-18', '0', '0', '4950', '4950', '4950', '0', 'Efectivo', 'Precio x Menor', 2, 3, 'Abril', 2023, '0', '3760', '3760', '', 3),
(140, 3, 130, 10755568, 56, 1, '2023-04-18', '0', '0', '4950', '4950', '4950', '0', 'Efectivo', 'Precio x Menor', 2, 3, 'Abril', 2023, '0', '3760', '3760', '', 3),
(141, 3, 48, 10755018, 57, 1, '2023-04-18', '0', '0', '3450', '3450', '3450', '0', 'Efectivo', 'Precio x Menor', 2, 3, 'Abril', 2023, '0', '2613', '2613', '', 3),
(142, 3, 44, 10755017, 58, 1, '2023-04-18', '0', '0', '5150', '5150', '5150', '0', 'Efectivo', 'Precio x Menor', 2, 3, 'Abril', 2023, '0', '3959', '3959', '', 3),
(143, 3, 209, 10755027, 59, 1, '2023-04-18', '0', '0', '5020', '5020', '5020', '0', 'Efectivo', 'Precio x Menor', 2, 3, 'Abril', 2023, '0', '3840', '3840', '', 3),
(145, 3, 209, 10755026, 59, 1, '2023-04-18', '0', '0', '7350', '7350', '7350', '0', 'Efectivo', 'Precio x Menor', 2, 3, 'Abril', 2023, '0', '5620', '5620', '', 3),
(146, 3, 194, 10755018, 60, 1, '2023-04-18', '0', '0', '3450', '3450', '3450', '0', 'Efectivo', 'Precio x Menor', 2, 3, 'Abril', 2023, '0', '2613', '2613', '', 3),
(147, 3, 122, 10755044, 61, 1, '2023-04-18', '0', '0', '2060', '2060', '2060', '0', 'Efectivo', 'Precio x Menor', 2, 3, 'Abril', 2023, '0', '1570', '1570', '', 3),
(148, 3, 101, 10755018, 62, 1, '2023-04-18', '0', '0', '3450', '3450', '3450', '0', 'Efectivo', 'Precio x Menor', 2, 3, 'Abril', 2023, '0', '2613', '2613', '', 3),
(149, 3, 195, 10755044, 63, 1, '2023-04-18', '0', '0', '2060', '2060', '2060', '0', 'Efectivo', 'Precio x Menor', 2, 3, 'Abril', 2023, '0', '1570', '1570', '', 3),
(150, 3, 47, 10755026, 64, 1, '2023-04-18', '0', '0', '7350', '7350', '7350', '0', 'Efectivo', 'Precio x Menor', 2, 3, 'Abril', 2023, '0', '5620', '5620', '', 3),
(151, 3, 102, 10755125, 65, 1, '2023-04-18', '0', '0', '3290', '3290', '3290', '0', 'Efectivo', 'Precio x Menor', 2, 3, 'Abril', 2023, '0', '2610', '2610', '', 3),
(152, 3, 102, 10755125, 66, 1, '2023-04-18', '0', '0', '3290', '3290', '3290', '0', 'Efectivo', 'Precio x Menor', 2, 3, 'Abril', 2023, '0', '2610', '2610', '', 3),
(153, 3, 104, 10755018, 67, 1, '2023-04-18', '0', '0', '3450', '3450', '3450', '0', 'Efectivo', 'Precio x Menor', 2, 3, 'Abril', 2023, '0', '2613', '2613', '', 3),
(154, 3, 104, 10755568, 67, 1, '2023-04-18', '0', '0', '4950', '4950', '4950', '0', 'Efectivo', 'Precio x Menor', 2, 3, 'Abril', 2023, '0', '3760', '3760', '', 3),
(155, 3, 51, 10755026, 68, 1, '2023-04-18', '0', '0', '7350', '7350', '7350', '0', 'Efectivo', 'Precio x Menor', 2, 3, 'Abril', 2023, '0', '5620', '5620', '', 3),
(156, 3, 51, 10755607, 68, 1, '2023-04-18', '0', '0', '3820', '3820', '3820', '0', 'Efectivo', 'Precio x Menor', 2, 3, 'Abril', 2023, '0', '2890', '2890', '', 3),
(157, 3, 424, 10755028, 69, 1, '2023-04-18', '0', '0', '4100', '4100', '4100', '0', 'Efectivo', 'Precio x Menor', 2, 3, 'Abril', 2023, '0', '3088', '3088', '', 3),
(158, 3, 424, 10755354, 69, 1, '2023-04-18', '0', '0', '9650', '9650', '9650', '0', 'Efectivo', 'Precio x Menor', 2, 3, 'Abril', 2023, '0', '7398', '7398', '', 3),
(159, 3, 126, 10755026, 70, 1, '2023-04-18', '0', '0', '7350', '7350', '7350', '0', 'Efectivo', 'Precio x Menor', 2, 3, 'Abril', 2023, '0', '5620', '5620', '', 3),
(160, 3, 126, 10755024, 70, 1, '2023-04-18', '0', '0', '5150', '5150', '5150', '0', 'Efectivo', 'Precio x Menor', 2, 3, 'Abril', 2023, '0', '3918', '3918', '', 3),
(161, 3, 53, 10755008, 71, 1, '2023-04-18', '0', '0', '4400', '4400', '4400', '0', 'Efectivo', 'Precio x Menor', 2, 3, 'Abril', 2023, '0', '3325', '3325', '', 3),
(162, 3, 105, 10755031, 72, 1, '2023-04-18', '0', '0', '11430', '11430', '11430', '0', 'Efectivo', 'Precio x Menor', 2, 3, 'Abril', 2023, '0', '8831', '8831', '', 3),
(163, 3, 105, 10755024, 72, 1, '2023-04-18', '0', '0', '5150', '5150', '5150', '0', 'Efectivo', 'Precio x Menor', 2, 3, 'Abril', 2023, '0', '3918', '3918', '', 3),
(164, 3, 259, 10755018, 73, 2, '2023-04-18', '0', '0', '3450', '3450', '6900', '0', 'Efectivo', 'Precio x Menor', 2, 3, 'Abril', 2023, '0', '2613', '5226', '', 3),
(165, 3, 238, 10755568, 74, 1, '2023-04-18', '0', '0', '4950', '4950', '4950', '0', 'Efectivo', 'Precio x Menor', 2, 3, 'Abril', 2023, '0', '3760', '3760', '', 3),
(166, 3, 381, 10755026, 75, 1, '2023-04-18', '0', '0', '7350', '7350', '7350', '0', 'Efectivo', 'Precio x Menor', 2, 3, 'Abril', 2023, '0', '5620', '5620', '', 3),
(167, 3, 381, 10755017, 75, 1, '2023-04-18', '0', '0', '5150', '5150', '5150', '0', 'Efectivo', 'Precio x Menor', 2, 3, 'Abril', 2023, '0', '3959', '3959', '', 3),
(168, 3, 267, 10755568, 76, 1, '2023-04-18', '0', '0', '4950', '4950', '4950', '0', 'Efectivo', 'Precio x Menor', 2, 3, 'Abril', 2023, '0', '3760', '3760', '', 3),
(169, 3, 267, 10755018, 76, 1, '2023-04-18', '0', '0', '3450', '3450', '3450', '0', 'Efectivo', 'Precio x Menor', 2, 3, 'Abril', 2023, '0', '2613', '2613', '', 3),
(170, 3, 181, 10755044, 77, 5, '2023-04-18', '0', '0', '1870', '1870', '9350', '0', 'Efectivo', 'Precio x Mayor', 2, 3, 'Abril', 2023, '0', '1570', '7850', '', 3),
(171, 3, 181, 10755120, 77, 5, '2023-04-18', '0', '0', '5050', '5050', '25250', '0', 'Efectivo', 'Precio x Mayor', 2, 3, 'Abril', 2023, '0', '4430', '22150', '', 3),
(172, 3, 181, 10755010, 77, 1, '2023-04-18', '0', '5', '5750', '5463', '5463', '0', 'Efectivo', 'Precio x Menor', 2, 3, 'Abril', 2023, '0', '4394', '4394', '', 3),
(173, 3, 181, 10755028, 77, 5, '2023-04-18', '0', '0', '3360', '3360', '16800', '0', 'Efectivo', 'Precio x Mayor', 2, 3, 'Abril', 2023, '0', '3088', '15440', '', 3),
(174, 3, 181, 10755873, 77, 1, '2023-04-18', '0', '5', '4650', '4418', '4418', '0', 'Efectivo', 'Precio x Mayor', 2, 3, 'Abril', 2023, '0', '3600', '3600', '', 3),
(175, 3, 281, 10755018, 78, 1, '2023-04-18', '0', '0', '3450', '3450', '3450', '0', 'Efectivo', 'Precio x Menor', 2, 3, 'Abril', 2023, '0', '2613', '2613', '', 3),
(176, 3, 279, 10755343, 79, 3, '2023-04-18', '0', '5', '9500', '9025', '27075', '0', 'Efectivo', 'Precio x Menor', 2, 3, 'Abril', 2023, '0', '4331', '12993', '', 3),
(177, 3, 97, 10755343, 80, 3, '2023-04-18', '0', '5', '9500', '9025', '27075', '0', 'Efectivo', 'Precio x Menor', 2, 3, 'Abril', 2023, '0', '4331', '12993', '', 3),
(178, 3, 181, 10755044, 81, 5, '2023-04-18', '0', '0', '1870', '1870', '9350', '0', 'Efectivo', 'Precio x Mayor', 2, 3, 'Abril', 2023, '0', '1570', '7850', '', 3),
(180, 3, 181, 10755120, 81, 5, '2023-04-18', '0', '0', '5050', '5050', '25250', '0', 'Efectivo', 'Precio x Mayor', 2, 3, 'Abril', 2023, '0', '4430', '22150', '', 3),
(181, 3, 181, 10755028, 81, 5, '2023-04-18', '0', '0', '3360', '3360', '16800', '0', 'Efectivo', 'Precio x Mayor', 2, 3, 'Abril', 2023, '0', '3088', '15440', '', 3),
(182, 3, 181, 10755873, 81, 1, '2023-04-18', '0', '5', '4650', '4418', '4418', '0', 'Efectivo', 'Precio x Menor', 2, 3, 'Abril', 2023, '0', '3600', '3600', '', 3),
(183, 3, 181, 10755358, 81, 1, '2023-04-18', '0', '0', '6850', '6850', '6850', '0', 'Efectivo', 'Precio x Menor', 2, 3, 'Abril', 2023, '0', '3098', '3098', '', 3),
(184, 3, 181, 10755011, 81, 1, '2023-04-18', '0', '5', '3900', '3705', '3705', '0', 'Efectivo', 'Precio x Menor', 2, 3, 'Abril', 2023, '0', '2969', '2969', '', 3),
(185, 3, 402, 10755044, 82, 1, '2023-04-18', '0', '0', '2060', '2060', '2060', '0', 'Efectivo', 'Precio x Menor', 2, 3, 'Abril', 2023, '0', '1570', '1570', '', 3),
(186, 3, 282, 10755607, 83, 1, '2023-04-18', '0', '0', '3820', '3820', '3820', '0', 'Efectivo', 'Precio x Menor', 2, 3, 'Abril', 2023, '0', '2890', '2890', '', 3),
(187, 3, 279, 10755956, 84, 1, '2023-04-18', '0', '0', '9600', '9600', '9600', '0', 'Efectivo', 'Precio x Menor', 2, 3, 'Abril', 2023, '0', '7390', '7390', '', 3),
(188, 3, 279, 10755956, 85, 1, '2023-04-18', '0', '0', '9500', '9500', '9500', '0', 'Efectivo', 'Precio x Menor', 2, 3, 'Abril', 2023, '0', '7390', '7390', '', 3),
(189, 3, 0, 10755123, 86, 1, '2023-04-20', '0', '0', '15870', '15870', '15870', '0', 'Efectivo', 'Precio x Menor', 2, 3, 'Abril', 2023, '0', '12393', '12393', '', 3),
(190, 3, 1, 10755792, 87, 1, '2023-04-20', '0', '0', '3500', '3500', '3500', '0', 'Efectivo', 'Precio x Menor', 2, 3, 'Abril', 2023, '0', '3159', '3159', '', 3),
(191, 3, 1, 10755123, 88, 1, '2023-04-20', '0', '0', '15870', '15870', '15870', '0', 'Efectivo', 'Precio x Menor', 2, 3, 'Abril', 2023, '0', '12393', '12393', '', 3),
(192, 3, 159, 10755030, 89, 1, '2023-04-20', '0', '0', '10750', '10750', '10750', '0', 'Efectivo', 'Precio x Menor', 2, 3, 'Abril', 2023, '0', '8260', '8260', '', 3),
(193, 3, 159, 10755031, 89, 1, '2023-04-20', '0', '0', '11430', '11430', '11430', '0', 'Efectivo', 'Precio x Menor', 2, 3, 'Abril', 2023, '0', '8831', '8831', '', 3),
(194, 3, 106, 10755568, 90, 1, '2023-04-20', '0', '0', '4950', '4950', '4950', '0', 'Efectivo', 'Precio x Menor', 2, 3, 'Abril', 2023, '0', '3760', '3760', '', 3),
(195, 3, 106, 10755018, 90, 1, '2023-04-20', '0', '0', '3450', '3450', '3450', '0', 'Efectivo', 'Precio x Menor', 2, 3, 'Abril', 2023, '0', '2613', '2613', '', 3),
(196, 3, 106, 10755004, 90, 1, '2023-04-20', '0', '0', '5850', '5850', '5850', '0', 'Efectivo', 'Precio x Menor', 2, 3, 'Abril', 2023, '0', '4632', '4632', '', 3),
(197, 3, 114, 10755012, 91, 1, '2023-04-20', '0', '0', '3900', '3900', '3900', '0', 'Efectivo', 'Precio x Menor', 2, 3, 'Abril', 2023, '0', '2969', '2969', '', 3),
(198, 3, 114, 10755568, 91, 1, '2023-04-20', '0', '0', '4950', '4950', '4950', '0', 'Efectivo', 'Precio x Menor', 2, 3, 'Abril', 2023, '0', '3760', '3760', '', 3),
(199, 3, 71, 10755018, 92, 1, '2023-04-20', '0', '0', '3450', '3450', '3450', '0', 'Efectivo', 'Precio x Menor', 2, 3, 'Abril', 2023, '0', '2613', '2613', '', 3),
(200, 3, 466, 10755044, 93, 1, '2023-04-20', '0', '0', '2060', '2060', '2060', '0', 'Efectivo', 'Precio x Menor', 2, 3, 'Abril', 2023, '0', '1570', '1570', '', 3),
(201, 3, 466, 10755607, 93, 1, '2023-04-20', '0', '0', '3820', '3820', '3820', '0', 'Efectivo', 'Precio x Menor', 2, 3, 'Abril', 2023, '0', '2890', '2890', '', 3),
(202, 3, 12, 10755024, 94, 1, '2023-04-20', '0', '0', '5150', '5150', '5150', '0', 'Efectivo', 'Precio x Menor', 2, 3, 'Abril', 2023, '0', '3918', '3918', '', 3),
(203, 3, 12, 10755005, 94, 1, '2023-04-20', '0', '0', '8250', '8250', '8250', '0', 'Efectivo', 'Precio x Menor', 2, 3, 'Abril', 2023, '0', '6334', '6334', '', 3),
(204, 3, 453, 10755568, 95, 1, '2023-04-20', '0', '0', '4950', '4950', '4950', '0', 'Efectivo', 'Precio x Menor', 2, 3, 'Abril', 2023, '0', '3760', '3760', '', 3),
(205, 3, 464, 10755300, 96, 1, '2023-04-20', '0', '0', '3400', '3400', '3400', '0', 'Efectivo', 'Precio x Menor', 2, 3, 'Abril', 2023, '0', '2580', '2580', '', 3),
(206, 3, 447, 10755067, 97, 1, '2023-04-20', '0', '0', '3400', '3400', '3400', '0', 'Efectivo', 'Precio x Menor', 2, 3, 'Abril', 2023, '0', '2534', '2534', '', 3),
(207, 3, 134, 10755026, 98, 1, '2023-04-20', '0', '0', '7350', '7350', '7350', '0', 'Efectivo', 'Precio x Menor', 2, 3, 'Abril', 2023, '0', '5620', '5620', '', 3),
(208, 3, 134, 10755067, 98, 1, '2023-04-20', '0', '0', '3400', '3400', '3400', '0', 'Efectivo', 'Precio x Menor', 2, 3, 'Abril', 2023, '0', '2534', '2534', '', 3),
(211, 3, 10, 10755026, 99, 5, '2023-04-20', '0', '0', '6680', '6680', '33400', '0', 'Efectivo', 'Precio x Menor', 2, 3, 'Abril', 2023, '0', '5620', '28100', '', 3),
(212, 3, 10, 10755027, 99, 5, '2023-04-20', '0', '0', '4565', '4565', '22825', '0', 'Efectivo', 'Precio x Menor', 2, 3, 'Abril', 2023, '0', '3840', '19200', '', 3),
(213, 3, 10, 10755003, 99, 1, '2023-04-20', '0', '0', '7650', '7650', '7650', '0', 'Efectivo', 'Precio x Menor', 2, 3, 'Abril', 2023, '0', '5819', '5819', '', 3),
(214, 3, 95, 10755351, 100, 2, '2023-04-20', '0', '0', '8400', '8400', '16800', '0', 'Efectivo', 'Precio x Menor', 2, 3, 'Abril', 2023, '0', '4056', '8112', '', 3),
(215, 3, 95, 10755376, 100, 5, '2023-04-20', '0', '0', '500', '500', '2500', '0', 'Efectivo', 'Precio x Menor', 2, 3, 'Abril', 2023, '0', '202', '1010', '', 3),
(216, 3, 95, 10755378, 100, 12, '2023-04-20', '0', '0', '500', '500', '6000', '0', 'Efectivo', 'Precio x Menor', 2, 3, 'Abril', 2023, '0', '202', '2424', '', 3),
(217, 3, 95, 10755377, 100, 12, '2023-04-20', '0', '0', '500', '500', '6000', '0', 'Efectivo', 'Precio x Menor', 2, 3, 'Abril', 2023, '0', '202', '2424', '', 3),
(218, 3, 95, 10755363, 100, 48, '2023-04-20', '0', '0', '180', '180', '8640', '0', 'Efectivo', 'Precio x Menor', 2, 3, 'Abril', 2023, '0', '76', '3648', '', 3),
(219, 3, 95, 10755070, 101, 5, '2023-04-20', '0', '0', '300', '300', '1500', '0', 'Efectivo', 'Precio x Menor', 2, 3, 'Abril', 2023, '0', '190', '950', '', 3),
(220, 3, 95, 10755068, 101, 5, '2023-04-20', '0', '0', '300', '300', '1500', '0', 'Efectivo', 'Precio x Menor', 2, 3, 'Abril', 2023, '0', '190', '950', '', 3),
(221, 3, 95, 10755081, 101, 5, '2023-04-20', '0', '0', '300', '300', '1500', '0', 'Efectivo', 'Precio x Menor', 2, 3, 'Abril', 2023, '0', '800', '4000', '', 3),
(222, 3, 95, 10755075, 101, 5, '2023-04-20', '0', '0', '300', '300', '1500', '0', 'Efectivo', 'Precio x Menor', 2, 3, 'Abril', 2023, '0', '190', '950', '', 3),
(223, 3, 95, 10755072, 101, 5, '2023-04-20', '0', '0', '300', '300', '1500', '0', 'Efectivo', 'Precio x Menor', 2, 3, 'Abril', 2023, '0', '190', '950', '', 3),
(224, 3, 95, 10755073, 101, 5, '2023-04-20', '0', '0', '300', '300', '1500', '0', 'Efectivo', 'Precio x Menor', 2, 3, 'Abril', 2023, '0', '120', '600', '', 3),
(225, 3, 95, 10755074, 101, 5, '2023-04-20', '0', '0', '300', '300', '1500', '0', 'Efectivo', 'Precio x Menor', 2, 3, 'Abril', 2023, '0', '120', '600', '', 3),
(226, 3, 198, 10755607, 102, 1, '2023-04-20', '0', '0', '3820', '3820', '3820', '0', 'Efectivo', 'Precio x Menor', 2, 3, 'Abril', 2023, '0', '2890', '2890', '', 3),
(227, 3, 198, 10755044, 102, 2, '2023-04-20', '0', '0', '2060', '2060', '4120', '0', 'Efectivo', 'Precio x Menor', 2, 3, 'Abril', 2023, '0', '1570', '3140', '', 3),
(228, 3, 448, 10755018, 103, 1, '2023-04-20', '0', '0', '3450', '3450', '3450', '0', 'Efectivo', 'Precio x Menor', 2, 3, 'Abril', 2023, '0', '2613', '2613', '', 3),
(229, 3, 3, 10755026, 104, 1, '2023-04-20', '0', '0', '7350', '7350', '7350', '0', 'Efectivo', 'Precio x Menor', 2, 3, 'Abril', 2023, '0', '5620', '5620', '', 3),
(230, 3, 219, 10755607, 105, 1, '2023-04-20', '0', '0', '3820', '3820', '3820', '0', 'Efectivo', 'Precio x Menor', 2, 3, 'Abril', 2023, '0', '2890', '2890', '', 3),
(231, 3, 210, 10755018, 106, 1, '2023-04-20', '0', '0', '3450', '3450', '3450', '0', 'Efectivo', 'Precio x Menor', 2, 3, 'Abril', 2023, '0', '2613', '2613', '', 3),
(232, 3, 210, 10755067, 106, 1, '2023-04-20', '0', '0', '3400', '3400', '3400', '0', 'Efectivo', 'Precio x Menor', 2, 3, 'Abril', 2023, '0', '2534', '2534', '', 3),
(233, 3, 365, 10755568, 107, 1, '2023-04-20', '0', '0', '4950', '4950', '4950', '0', 'Efectivo', 'Precio x Menor', 2, 3, 'Abril', 2023, '0', '3760', '3760', '', 3),
(234, 3, 137, 10755568, 108, 1, '2023-04-20', '0', '0', '4950', '4950', '4950', '0', 'Efectivo', 'Precio x Menor', 2, 3, 'Abril', 2023, '0', '3760', '3760', '', 3),
(235, 3, 78, 10755026, 109, 1, '2023-04-20', '0', '0', '7350', '7350', '7350', '0', 'Efectivo', 'Precio x Menor', 2, 3, 'Abril', 2023, '0', '5620', '5620', '', 3),
(236, 3, 78, 10755027, 109, 1, '2023-04-20', '0', '0', '5020', '5020', '5020', '0', 'Efectivo', 'Precio x Menor', 2, 3, 'Abril', 2023, '0', '3840', '3840', '', 3),
(237, 3, 78, 10755024, 109, 1, '2023-04-20', '0', '0', '5150', '5150', '5150', '0', 'Efectivo', 'Precio x Menor', 2, 3, 'Abril', 2023, '0', '3918', '3918', '', 3),
(238, 3, 1, 10755044, 110, 1, '2023-04-20', '0', '0', '2060', '2060', '2060', '0', 'Efectivo', 'Precio x Menor', 2, 3, 'Abril', 2023, '0', '1570', '1570', '', 3),
(239, 3, 1, 10755792, 110, 1, '2023-04-20', '0', '0', '3500', '3500', '3500', '0', 'Efectivo', 'Precio x Menor', 2, 3, 'Abril', 2023, '0', '3159', '3159', '', 3),
(240, 3, 1, 10755701, 111, 1, '2023-04-21', '0', '0', '13300', '13300', '13300', '0', 'Efectivo', 'Precio x Menor', 2, 3, 'Abril', 2023, '0', '9889', '9889', '', 3),
(241, 3, 1, 10755607, 112, 1, '2023-04-21', '0', '0', '3820', '3820', '3820', '0', 'Efectivo', 'Precio x Menor', 2, 3, 'Abril', 2023, '0', '2890', '2890', '', 3),
(242, 3, 1, 10755697, 113, 1, '2023-04-22', '0', '0', '6000', '6000', '6000', '0', 'Efectivo', 'Precio x Menor', 2, 3, 'Abril', 2023, '0', '4965', '4965', '', 3),
(243, 3, 1, 10755352, 113, 2, '2023-04-22', '0', '0', '1150', '1150', '2300', '0', 'Efectivo', 'Precio x Menor', 2, 3, 'Abril', 2023, '0', '864', '1728', '', 3),
(244, 3, 19, 10755379, 114, 1, '2023-04-22', '0', '0', '8350', '8350', '8350', '0', 'Efectivo', 'Precio x Menor', 2, 3, 'Abril', 2023, '0', '6441', '6441', '', 3),
(245, 3, 19, 10755026, 114, 1, '2023-04-22', '0', '0', '7350', '7350', '7350', '0', 'Efectivo', 'Precio x Menor', 2, 3, 'Abril', 2023, '0', '5620', '5620', '', 3),
(246, 3, 19, 10755017, 114, 2, '2023-04-22', '0', '0', '5150', '5150', '10300', '0', 'Efectivo', 'Precio x Menor', 2, 3, 'Abril', 2023, '0', '3959', '7918', '', 3),
(247, 3, 468, 10755611, 115, 1, '2023-04-22', '0', '0', '3700', '3700', '3700', '0', 'Efectivo', 'Precio x Menor', 2, 3, 'Abril', 2023, '0', '2990', '2990', '', 3),
(248, 3, 255, 10755018, 116, 1, '2023-04-22', '0', '0', '3450', '3450', '3450', '0', 'Efectivo', 'Precio x Menor', 2, 3, 'Abril', 2023, '0', '2613', '2613', '', 3),
(249, 3, 255, 10755067, 116, 1, '2023-04-22', '0', '0', '3400', '3400', '3400', '0', 'Efectivo', 'Precio x Menor', 2, 3, 'Abril', 2023, '0', '2534', '2534', '', 3),
(250, 3, 151, 10755016, 117, 1, '2023-04-22', '0', '0', '7000', '7000', '7000', '0', 'Efectivo', 'Precio x Menor', 2, 3, 'Abril', 2023, '0', '5305', '5305', '', 3),
(251, 3, 151, 10755013, 117, 1, '2023-04-22', '0', '0', '6000', '6000', '6000', '0', 'Efectivo', 'Precio x Menor', 2, 3, 'Abril', 2023, '0', '4592', '4592', '', 3),
(252, 3, 151, 10755380, 117, 1, '2023-04-22', '0', '0', '8350', '8350', '8350', '0', 'Efectivo', 'Precio x Menor', 2, 3, 'Abril', 2023, '0', '6441', '6441', '', 3),
(253, 3, 151, 10755382, 117, 1, '2023-04-22', '0', '0', '8350', '8350', '8350', '0', 'Efectivo', 'Precio x Menor', 2, 3, 'Abril', 2023, '0', '6441', '6441', '', 3),
(254, 3, 151, 10755028, 117, 1, '2023-04-22', '0', '0', '4100', '4100', '4100', '0', 'Efectivo', 'Precio x Menor', 2, 3, 'Abril', 2023, '0', '3088', '3088', '', 3),
(255, 3, 151, 10755027, 117, 1, '2023-04-22', '0', '0', '5020', '5020', '5020', '0', 'Efectivo', 'Precio x Menor', 2, 3, 'Abril', 2023, '0', '3840', '3840', '', 3),
(256, 3, 151, 10755607, 117, 1, '2023-04-22', '0', '0', '3820', '3820', '3820', '0', 'Efectivo', 'Precio x Menor', 2, 3, 'Abril', 2023, '0', '2890', '2890', '', 3),
(257, 3, 151, 10755031, 117, 1, '2023-04-22', '0', '0', '11430', '11430', '11430', '0', 'Efectivo', 'Precio x Menor', 2, 3, 'Abril', 2023, '0', '8831', '8831', '', 3),
(258, 3, 121, 10755027, 118, 2, '2023-04-22', '0', '0', '4230', '4230', '8460', '0', 'Efectivo', 'Precio x Mayor', 2, 3, 'Abril', 2023, '0', '3840', '7680', '', 3),
(259, 3, 121, 10755003, 118, 2, '2023-04-22', '0', '0', '6430', '6430', '12860', '0', 'Efectivo', 'Precio x Mayor', 2, 3, 'Abril', 2023, '0', '5819', '11638', '', 3),
(261, 3, 121, 10755382, 118, 3, '2023-04-22', '0', '0', '7590', '7590', '22770', '0', 'Efectivo', 'Precio x Mayor', 2, 3, 'Abril', 2023, '0', '6441', '19323', '', 3),
(262, 3, 121, 10755379, 118, 1, '2023-04-22', '0', '0', '7590', '7590', '7590', '0', 'Efectivo', 'Precio x Mayor', 2, 3, 'Abril', 2023, '0', '6441', '6441', '', 3),
(263, 3, 276, 10755568, 119, 11, '2023-04-22', '0', '0', '4500', '4500', '49500', '0', 'Efectivo', 'Precio x Menor', 2, 3, 'Abril', 2023, '0', '3760', '41360', '', 3),
(264, 3, 276, 10755018, 119, 11, '2023-04-22', '0', '0', '3140', '3140', '34540', '0', 'Efectivo', 'Precio x Menor', 2, 3, 'Abril', 2023, '0', '2613', '28743', '', 3),
(265, 3, 301, 10755568, 120, 1, '2023-04-22', '0', '0', '4950', '4950', '4950', '0', 'Efectivo', 'Precio x Menor', 2, 3, 'Abril', 2023, '0', '3760', '3760', '', 3),
(266, 3, 274, 10755027, 121, 1, '2023-04-22', '0', '0', '5020', '5020', '5020', '0', 'Efectivo', 'Precio x Menor', 2, 3, 'Abril', 2023, '0', '3840', '3840', '', 3),
(267, 3, 274, 10755569, 121, 12, '2023-04-22', '0', '0', '200', '200', '2400', '0', 'Efectivo', 'Precio x Menor', 2, 3, 'Abril', 2023, '0', '80', '960', '', 3),
(268, 3, 334, 10755018, 122, 1, '2023-04-22', '0', '0', '3450', '3450', '3450', '0', 'Efectivo', 'Precio x Menor', 2, 3, 'Abril', 2023, '0', '2613', '2613', '', 3),
(269, 3, 476, 10755611, 123, 1, '2023-04-22', '0', '0', '3700', '3700', '3700', '0', 'Efectivo', 'Precio x Menor', 2, 3, 'Abril', 2023, '0', '2990', '2990', '', 3),
(270, 3, 474, 10755024, 124, 1, '2023-04-22', '0', '0', '5150', '5150', '5150', '0', 'Efectivo', 'Precio x Menor', 2, 3, 'Abril', 2023, '0', '3918', '3918', '', 3),
(271, 3, 305, 10755568, 125, 1, '2023-04-22', '0', '0', '4950', '4950', '4950', '0', 'Efectivo', 'Precio x Menor', 2, 3, 'Abril', 2023, '0', '3760', '3760', '', 3),
(272, 3, 0, 10755619, 126, 1, '2023-04-22', '0', '0', '750', '750', '750', '0', 'Efectivo', 'Precio x Menor', 2, 3, 'Abril', 2023, '0', '423', '423', '', 3),
(273, 3, 0, 10755648, 126, 1, '2023-04-22', '0', '0', '700', '700', '700', '0', 'Efectivo', 'Precio x Menor', 2, 3, 'Abril', 2023, '0', '400', '400', '', 3),
(274, 3, 0, 10755646, 127, 1, '2023-04-22', '0', '0', '500', '500', '500', '0', 'Efectivo', 'Precio x Menor', 2, 3, 'Abril', 2023, '0', '400', '400', '', 3),
(276, 3, 0, 10754997, 128, 1, '2023-04-22', '0', '0', '10850', '10850', '10850', '0', 'Efectivo', 'Precio x Menor', 2, 3, 'Abril', 2023, '0', '8241', '8241', '', 3),
(277, 3, 229, 10755046, 129, 1, '2023-04-24', '0', '0', '1800', '1800', '1800', '0', 'Efectivo', 'Precio x Menor', 2, 3, 'Abril', 2023, '0', '0', '0', '', 3),
(278, 3, 1, 10755024, 130, 2, '2023-04-24', '0', '0', '4650', '4650', '9300', '0', 'Efectivo', 'Precio x Menor', 2, 3, 'Abril', 2023, '0', '3918', '7836', '', 3),
(279, 3, 82, 10755343, 131, 1, '2023-04-24', '0', '0', '9500', '9500', '9500', '0', 'Efectivo', 'Precio x Menor', 2, 3, 'Abril', 2023, '0', '4331', '4331', '', 3),
(280, 3, 82, 10755005, 131, 1, '2023-04-24', '0', '0', '8250', '8250', '8250', '0', 'Efectivo', 'Precio x Menor', 2, 3, 'Abril', 2023, '0', '6334', '6334', '', 3),
(281, 3, 82, 10755379, 131, 1, '2023-04-24', '0', '0', '8350', '8350', '8350', '0', 'Efectivo', 'Precio x Menor', 2, 3, 'Abril', 2023, '0', '6441', '6441', '', 3),
(282, 3, 87, 10755568, 132, 1, '2023-04-24', '0', '0', '4950', '4950', '4950', '0', 'Efectivo', 'Precio x Menor', 2, 3, 'Abril', 2023, '0', '3760', '3760', '', 3),
(283, 3, 288, 10755018, 133, 1, '2023-04-24', '0', '0', '3450', '3450', '3450', '0', 'Efectivo', 'Precio x Menor', 2, 3, 'Abril', 2023, '0', '2613', '2613', '', 3),
(284, 3, 288, 10755568, 133, 1, '2023-04-24', '0', '0', '4950', '4950', '4950', '0', 'Efectivo', 'Precio x Menor', 2, 3, 'Abril', 2023, '0', '3760', '3760', '', 3),
(286, 3, 4, 10755027, 134, 1, '2023-04-24', '0', '0', '5020', '5020', '5020', '0', 'Efectivo', 'Precio x Menor', 2, 3, 'Abril', 2023, '0', '3840', '3840', '', 3),
(287, 3, 4, 10755826, 134, 1, '2023-04-24', '0', '0', '3850', '3850', '3850', '0', 'Efectivo', 'Precio x Menor', 2, 3, 'Abril', 2023, '0', '2940', '2940', '', 3),
(288, 3, 108, 10755026, 135, 1, '2023-04-24', '0', '0', '7350', '7350', '7350', '0', 'Efectivo', 'Precio x Menor', 2, 3, 'Abril', 2023, '0', '5620', '5620', '', 3),
(289, 3, 108, 10755568, 135, 1, '2023-04-24', '0', '0', '4950', '4950', '4950', '0', 'Efectivo', 'Precio x Menor', 2, 3, 'Abril', 2023, '0', '3760', '3760', '', 3),
(297, 3, 20, 10755031, 136, 1, '2023-04-24', '0', '5', '11430', '10859', '10859', '0', 'Efectivo', 'Precio x Menor', 2, 3, 'Abril', 2023, '0', '8831', '8831', '', 3),
(298, 3, 20, 10755024, 136, 1, '2023-04-24', '0', '5', '5150', '4893', '4893', '0', 'Efectivo', 'Precio x Menor', 2, 3, 'Abril', 2023, '0', '3918', '3918', '', 3),
(299, 3, 20, 10755026, 136, 1, '2023-04-24', '0', '5', '7350', '6983', '6983', '0', 'Efectivo', 'Precio x Menor', 2, 3, 'Abril', 2023, '0', '5620', '5620', '', 3),
(300, 3, 20, 10755016, 136, 1, '2023-04-24', '0', '5', '7000', '6650', '6650', '0', 'Efectivo', 'Precio x Menor', 2, 3, 'Abril', 2023, '0', '5305', '5305', '', 3),
(301, 3, 20, 10755382, 136, 1, '2023-04-24', '0', '5', '8350', '7933', '7933', '0', 'Efectivo', 'Precio x Menor', 2, 3, 'Abril', 2023, '0', '6441', '6441', '', 3),
(302, 3, 20, 10755381, 136, 1, '2023-04-24', '0', '5', '8350', '7933', '7933', '0', 'Efectivo', 'Precio x Menor', 2, 3, 'Abril', 2023, '0', '6441', '6441', '', 3),
(303, 3, 20, 10755380, 136, 1, '2023-04-24', '0', '5', '8350', '7933', '7933', '0', 'Efectivo', 'Precio x Menor', 2, 3, 'Abril', 2023, '0', '6441', '6441', '', 3),
(304, 3, 90, 10755031, 137, 1, '2023-04-24', '0', '0', '11430', '11430', '11430', '0', 'Efectivo', 'Precio x Menor', 2, 3, 'Abril', 2023, '0', '8831', '8831', '', 3),
(305, 3, 35, 10755012, 138, 1, '2023-04-25', '0', '0', '3900', '3900', '3900', '0', 'Efectivo', 'Precio x Menor', 2, 3, 'Abril', 2023, '0', '2969', '2969', '', 3),
(306, 3, 35, 10755607, 138, 1, '2023-04-25', '0', '0', '3820', '3820', '3820', '0', 'Efectivo', 'Precio x Menor', 2, 3, 'Abril', 2023, '0', '2890', '2890', '', 3),
(307, 3, 92, 10755008, 139, 1, '2023-04-25', '0', '0', '4400', '4400', '4400', '0', 'Efectivo', 'Precio x Menor', 2, 3, 'Abril', 2023, '0', '3325', '3325', '', 3),
(308, 3, 38, 10755044, 140, 4, '2023-04-25', '0', '0', '2060', '2060', '8240', '0', 'Efectivo', 'Precio x Menor', 2, 3, 'Abril', 2023, '0', '1570', '6280', '', 3),
(309, 3, 39, 10755016, 141, 1, '2023-04-25', '0', '0', '7000', '7000', '7000', '0', 'Efectivo', 'Precio x Menor', 2, 3, 'Abril', 2023, '0', '5305', '5305', '', 3),
(310, 3, 473, 10755018, 142, 1, '2023-04-25', '0', '0', '3450', '3450', '3450', '0', 'Efectivo', 'Precio x Menor', 2, 3, 'Abril', 2023, '0', '2613', '2613', '', 3),
(311, 3, 293, 10755611, 143, 1, '2023-04-25', '0', '0', '3700', '3700', '3700', '0', 'Efectivo', 'Precio x Menor', 2, 3, 'Abril', 2023, '0', '2990', '2990', '', 3),
(312, 3, 293, 10755044, 143, 1, '2023-04-25', '0', '0', '2060', '2060', '2060', '0', 'Efectivo', 'Precio x Menor', 2, 3, 'Abril', 2023, '0', '1570', '1570', '', 3),
(313, 3, 41, 10755693, 144, 12, '2023-04-25', '0', '0', '200', '200', '2400', '0', 'Efectivo', 'Precio x Menor', 2, 3, 'Abril', 2023, '0', '90', '1080', '', 3),
(314, 3, 43, 10755018, 145, 1, '2023-04-25', '0', '0', '3450', '3450', '3450', '0', 'Efectivo', 'Precio x Menor', 2, 3, 'Abril', 2023, '0', '2613', '2613', '', 3),
(315, 3, 44, 10755018, 146, 1, '2023-04-25', '0', '0', '3450', '3450', '3450', '0', 'Efectivo', 'Precio x Menor', 2, 3, 'Abril', 2023, '0', '2613', '2613', '', 3),
(316, 3, 209, 10755024, 147, 1, '2023-04-25', '0', '0', '5150', '5150', '5150', '0', 'Efectivo', 'Precio x Menor', 2, 3, 'Abril', 2023, '0', '3918', '3918', '', 3),
(317, 3, 45, 10755611, 148, 1, '2023-04-25', '0', '0', '3700', '3700', '3700', '0', 'Efectivo', 'Precio x Menor', 2, 3, 'Abril', 2023, '0', '2990', '2990', '', 3),
(318, 3, 45, 10755611, 148, 1, '2023-04-25', '0', '0', '3700', '3700', '3700', '0', 'Efectivo', 'Precio x Menor', 2, 3, 'Abril', 2023, '0', '2990', '2990', '', 3),
(319, 3, 45, 10755611, 149, 1, '2023-04-25', '0', '0', '3700', '3700', '3700', '0', 'Efectivo', 'Precio x Menor', 2, 3, 'Abril', 2023, '0', '2990', '2990', '', 3),
(320, 3, 45, 10755568, 149, 1, '2023-04-25', '0', '0', '4950', '4950', '4950', '0', 'Efectivo', 'Precio x Menor', 2, 3, 'Abril', 2023, '0', '3760', '3760', '', 3),
(321, 3, 46, 10755018, 150, 4, '2023-04-25', '0', '10', '3450', '3105', '12420', '0', 'Efectivo', 'Precio x Menor', 2, 3, 'Abril', 2023, '0', '2613', '10452', '', 3),
(322, 3, 46, 10755067, 150, 3, '2023-04-25', '0', '10', '3400', '3060', '9180', '0', 'Efectivo', 'Precio x Menor', 2, 3, 'Abril', 2023, '0', '2534', '7602', '', 3),
(323, 3, 46, 10755568, 150, 1, '2023-04-25', '0', '0', '4950', '4950', '4950', '0', 'Efectivo', 'Precio x Menor', 2, 3, 'Abril', 2023, '0', '3760', '3760', '', 3),
(324, 3, 194, 10755568, 151, 1, '2023-04-25', '0', '0', '4950', '4950', '4950', '0', 'Efectivo', 'Precio x Menor', 2, 3, 'Abril', 2023, '0', '3760', '3760', '', 3),
(325, 3, 122, 10755044, 152, 1, '2023-04-25', '0', '0', '2060', '2060', '2060', '0', 'Efectivo', 'Precio x Menor', 2, 3, 'Abril', 2023, '0', '1570', '1570', '', 3),
(326, 3, 195, 10755607, 153, 1, '2023-04-25', '0', '0', '3820', '3820', '3820', '0', 'Efectivo', 'Precio x Menor', 2, 3, 'Abril', 2023, '0', '2890', '2890', '', 3),
(327, 3, 154, 10755018, 154, 1, '2023-04-25', '0', '0', '3450', '3450', '3450', '0', 'Efectivo', 'Precio x Menor', 2, 3, 'Abril', 2023, '0', '2613', '2613', '', 3),
(328, 3, 47, 10755382, 155, 1, '2023-04-25', '0', '0', '8350', '8350', '8350', '0', 'Efectivo', 'Precio x Menor', 2, 3, 'Abril', 2023, '0', '6441', '6441', '', 3),
(329, 3, 47, 10755027, 155, 1, '2023-04-25', '0', '0', '5020', '5020', '5020', '0', 'Efectivo', 'Precio x Menor', 2, 3, 'Abril', 2023, '0', '3840', '3840', '', 3),
(330, 3, 103, 10755027, 156, 5, '2023-04-25', '0', '0', '4650', '4650', '23250', '0', 'Efectivo', 'Precio x Menor', 2, 3, 'Abril', 2023, '0', '3840', '19200', '', 3),
(331, 3, 103, 10755026, 156, 5, '2023-04-25', '0', '0', '7350', '7350', '36750', '0', 'Efectivo', 'Precio x Menor', 2, 3, 'Abril', 2023, '0', '5620', '28100', '', 3),
(332, 3, 103, 10755005, 156, 2, '2023-04-25', '0', '0', '8250', '8250', '16500', '0', 'Efectivo', 'Precio x Menor', 2, 3, 'Abril', 2023, '0', '6334', '12668', '', 3),
(333, 3, 103, 10755003, 156, 1, '2023-04-25', '0', '0', '7650', '7650', '7650', '0', 'Efectivo', 'Precio x Menor', 2, 3, 'Abril', 2023, '0', '5819', '5819', '', 3);
INSERT INTO `ventas` (`idventa`, `idusuario`, `idcliente`, `idproducto`, `numero_factura`, `cantidad`, `fecha_venta`, `importe`, `descuento`, `subtotal`, `preciofinal`, `total_venta`, `interes`, `mediodepago`, `tipoventa`, `idlocal`, `idcaja`, `mes`, `año`, `gramos`, `mi_precio`, `total_compra`, `observacion`, `idvendedor`) VALUES
(334, 3, 49, 10755379, 157, 1, '2023-04-25', '0', '0', '8350', '8350', '8350', '0', 'Efectivo', 'Precio x Menor', 2, 3, 'Abril', 2023, '0', '6441', '6441', '', 3),
(335, 3, 180, 10755568, 158, 2, '2023-04-25', '0', '0', '4950', '4950', '9900', '0', 'Efectivo', 'Precio x Menor', 2, 3, 'Abril', 2023, '0', '3760', '7520', '', 3),
(336, 3, 1, 10755568, 159, 1, '2023-04-25', '0', '0', '4950', '4950', '4950', '0', 'Efectivo', 'Precio x Menor', 2, 3, 'Abril', 2023, '0', '3760', '3760', '', 3),
(337, 3, 1, 10755003, 160, 1, '2023-04-25', '0', '0', '7650', '7650', '7650', '0', 'Efectivo', 'Precio x Menor', 2, 3, 'Abril', 2023, '0', '5819', '5819', '', 3),
(338, 3, 1, 10755004, 160, 1, '2023-04-25', '0', '0', '5850', '5850', '5850', '0', 'Efectivo', 'Precio x Menor', 2, 3, 'Abril', 2023, '0', '4632', '4632', '', 3),
(339, 3, 1, 10755010, 160, 1, '2023-04-25', '0', '0', '5750', '5750', '5750', '0', 'Efectivo', 'Precio x Menor', 2, 3, 'Abril', 2023, '0', '4394', '4394', '', 3),
(340, 3, 1, 10755011, 160, 1, '2023-04-25', '0', '0', '3900', '3900', '3900', '0', 'Efectivo', 'Precio x Menor', 2, 3, 'Abril', 2023, '0', '2969', '2969', '', 3),
(341, 3, 1, 10755012, 160, 1, '2023-04-25', '0', '0', '3900', '3900', '3900', '0', 'Efectivo', 'Precio x Menor', 2, 3, 'Abril', 2023, '0', '2969', '2969', '', 3),
(342, 3, 1, 10755030, 160, 1, '2023-04-25', '0', '0', '10750', '10750', '10750', '0', 'Efectivo', 'Precio x Menor', 2, 3, 'Abril', 2023, '0', '8260', '8260', '', 3),
(343, 3, 1, 10755612, 160, 1, '2023-04-25', '0', '0', '5290', '5290', '5290', '0', 'Efectivo', 'Precio x Menor', 2, 3, 'Abril', 2023, '0', '3989', '3989', '', 3),
(344, 3, 1, 10755568, 160, 1, '2023-04-25', '0', '0', '4950', '4950', '4950', '0', 'Efectivo', 'Precio x Menor', 2, 3, 'Abril', 2023, '0', '3760', '3760', '', 3),
(345, 3, 1, 10755028, 160, 1, '2023-04-25', '0', '0', '3500', '3500', '3500', '0', 'Efectivo', 'Precio x Menor', 2, 3, 'Abril', 2023, '0', '3088', '3088', '', 3),
(346, 3, 1, 10755826, 160, 1, '2023-04-25', '0', '0', '3850', '3850', '3850', '0', 'Efectivo', 'Precio x Menor', 2, 3, 'Abril', 2023, '0', '2940', '2940', '', 3),
(347, 3, 1, 10755236, 161, 1, '2023-04-25', '0', '0', '7000', '7000', '7000', '0', 'Efectivo', 'Precio x Menor', 2, 3, 'Abril', 2023, '0', '4000', '4000', '', 3),
(348, 3, 105, 10755366, 162, 1, '2023-04-25', '0', '0', '5200', '5200', '5200', '0', 'Efectivo', 'Precio x Menor', 2, 3, 'Abril', 2023, '0', '3951', '3951', '', 3),
(349, 3, 105, 10755379, 162, 1, '2023-04-25', '0', '0', '8350', '8350', '8350', '0', 'Efectivo', 'Precio x Menor', 2, 3, 'Abril', 2023, '0', '6441', '6441', '', 3),
(350, 3, 105, 10755026, 162, 1, '2023-04-25', '0', '0', '7350', '7350', '7350', '0', 'Efectivo', 'Precio x Menor', 2, 3, 'Abril', 2023, '0', '5620', '5620', '', 3),
(351, 3, 51, 10755067, 163, 1, '2023-04-25', '0', '0', '3400', '3400', '3400', '0', 'Efectivo', 'Precio x Menor', 2, 3, 'Abril', 2023, '0', '2534', '2534', '', 3),
(352, 3, 53, 10755016, 164, 1, '2023-04-25', '0', '0', '7000', '7000', '7000', '0', 'Efectivo', 'Precio x Menor', 2, 3, 'Abril', 2023, '0', '5305', '5305', '', 3),
(353, 3, 53, 10755046, 164, 1, '2023-04-25', '0', '0', '1800', '1800', '1800', '0', 'Efectivo', 'Precio x Menor', 2, 3, 'Abril', 2023, '0', '0', '0', '', 3),
(354, 3, 53, 10755877, 164, 1, '2023-04-25', '0', '0', '795', '795', '795', '0', 'Efectivo', 'Precio x Menor', 2, 3, 'Abril', 2023, '0', '530', '530', '', 3),
(355, 3, 106, 10755026, 165, 1, '2023-04-25', '0', '0', '7350', '7350', '7350', '0', 'Efectivo', 'Precio x Menor', 2, 3, 'Abril', 2023, '0', '5620', '5620', '', 3),
(356, 3, 106, 10755024, 165, 1, '2023-04-25', '0', '0', '5150', '5150', '5150', '0', 'Efectivo', 'Precio x Menor', 2, 3, 'Abril', 2023, '0', '3918', '3918', '', 3),
(357, 3, 259, 10755018, 166, 2, '2023-04-25', '0', '0', '3450', '3450', '6900', '0', 'Efectivo', 'Precio x Menor', 2, 3, 'Abril', 2023, '0', '2613', '5226', '', 3),
(358, 3, 259, 10755568, 166, 2, '2023-04-25', '0', '0', '4950', '4950', '9900', '0', 'Efectivo', 'Precio x Menor', 2, 3, 'Abril', 2023, '0', '3760', '7520', '', 3),
(359, 3, 260, 10755028, 167, 1, '2023-04-25', '0', '0', '4100', '4100', '4100', '0', 'Efectivo', 'Precio x Menor', 2, 3, 'Abril', 2023, '0', '3088', '3088', '', 3),
(360, 3, 239, 10755018, 168, 1, '2023-04-25', '0', '0', '3450', '3450', '3450', '0', 'Efectivo', 'Precio x Menor', 2, 3, 'Abril', 2023, '0', '2613', '2613', '', 3),
(361, 3, 181, 10755607, 169, 10, '2023-04-25', '0', '0', '3250', '3250', '32500', '0', 'Efectivo', 'Precio x Mayor', 2, 3, 'Abril', 2023, '0', '2890', '28900', '', 3),
(362, 3, 181, 10755044, 169, 5, '2023-04-25', '0', '0', '1870', '1870', '9350', '0', 'Efectivo', 'Precio x Mayor', 2, 3, 'Abril', 2023, '0', '1570', '7850', '', 3),
(363, 3, 181, 10755008, 169, 5, '2023-04-25', '0', '10', '4400', '3960', '19800', '0', 'Efectivo', 'Precio x Menor', 2, 3, 'Abril', 2023, '0', '3325', '16625', '', 3),
(364, 3, 181, 10755017, 169, 5, '2023-04-25', '0', '10', '5150', '4635', '23175', '0', 'Efectivo', 'Precio x Menor', 2, 3, 'Abril', 2023, '0', '3959', '19795', '', 3),
(365, 3, 181, 10755018, 169, 1, '2023-04-25', '0', '0', '3450', '3450', '3450', '0', 'Efectivo', 'Precio x Menor', 2, 3, 'Abril', 2023, '0', '2613', '2613', '', 3),
(366, 3, 181, 10754998, 169, 1, '2023-04-25', '0', '0', '9150', '9150', '9150', '0', 'Efectivo', 'Precio x Menor', 2, 3, 'Abril', 2023, '0', '6950', '6950', '', 3),
(367, 3, 402, 10755300, 170, 1, '2023-04-25', '0', '0', '3400', '3400', '3400', '0', 'Efectivo', 'Precio x Menor', 2, 3, 'Abril', 2023, '0', '2580', '2580', '', 3),
(368, 3, 281, 10755568, 171, 1, '2023-04-25', '0', '0', '4950', '4950', '4950', '0', 'Efectivo', 'Precio x Menor', 2, 3, 'Abril', 2023, '0', '3760', '3760', '', 3),
(369, 3, 262, 10755568, 172, 1, '2023-04-25', '0', '0', '4950', '4950', '4950', '0', 'Efectivo', 'Precio x Menor', 2, 3, 'Abril', 2023, '0', '3760', '3760', '', 3),
(370, 3, 259, 10755018, 173, 2, '2023-04-25', '0', '0', '3450', '3450', '6900', '0', 'Efectivo', 'Precio x Menor', 2, 3, 'Abril', 2023, '0', '2613', '5226', '', 3),
(371, 3, 259, 10755568, 173, 1, '2023-04-25', '0', '0', '4950', '4950', '4950', '0', 'Efectivo', 'Precio x Menor', 2, 3, 'Abril', 2023, '0', '3760', '3760', '', 3),
(372, 3, 1, 10755301, 174, 1, '2023-04-26', '0', '0', '1000', '1000', '1000', '0', 'Efectivo', 'Precio x Menor', 2, 3, 'Abril', 2023, '0', '4275', '4275', '', 3),
(373, 3, 1, 10754997, 175, 1, '2023-04-26', '0', '0', '10850', '10850', '10850', '0', 'Efectivo', 'Precio x Menor', 2, 3, 'Abril', 2023, '0', '8241', '8241', '', 3),
(374, 3, 1, 10755792, 176, 1, '2023-04-27', '0', '0', '500', '500', '500', '0', 'Efectivo', 'Precio x Menor', 2, 3, 'Abril', 2023, '0', '3159', '3159', '', 3),
(375, 3, 78, 10755027, 177, 1, '2023-04-27', '0', '0', '5020', '5020', '5020', '0', 'Efectivo', 'Precio x Menor', 2, 3, 'Abril', 2023, '0', '3840', '3840', '', 3),
(376, 3, 78, 10755024, 177, 1, '2023-04-27', '0', '0', '5150', '5150', '5150', '0', 'Efectivo', 'Precio x Menor', 2, 3, 'Abril', 2023, '0', '3918', '3918', '', 3),
(377, 3, 22, 10755026, 178, 1, '2023-04-27', '0', '0', '7350', '7350', '7350', '0', 'Efectivo', 'Precio x Menor', 2, 3, 'Abril', 2023, '0', '5620', '5620', '', 3),
(378, 3, 22, 10755067, 178, 1, '2023-04-27', '0', '0', '3400', '3400', '3400', '0', 'Efectivo', 'Precio x Menor', 2, 3, 'Abril', 2023, '0', '2534', '2534', '', 3),
(379, 3, 5, 10755027, 179, 1, '2023-04-27', '0', '0', '5020', '5020', '5020', '0', 'Efectivo', 'Precio x Menor', 2, 3, 'Abril', 2023, '0', '3840', '3840', '', 3),
(380, 3, 5, 10755044, 179, 1, '2023-04-27', '0', '0', '2060', '2060', '2060', '0', 'Efectivo', 'Precio x Menor', 2, 3, 'Abril', 2023, '0', '1570', '1570', '', 3),
(381, 3, 5, 10755568, 179, 1, '2023-04-27', '0', '0', '4950', '4950', '4950', '0', 'Efectivo', 'Precio x Menor', 2, 3, 'Abril', 2023, '0', '3760', '3760', '', 3),
(382, 3, 77, 10755017, 180, 1, '2023-04-27', '0', '0', '5150', '5150', '5150', '0', 'Efectivo', 'Precio x Menor', 2, 3, 'Abril', 2023, '0', '3959', '3959', '', 3),
(383, 3, 137, 10755044, 181, 1, '2023-04-27', '0', '0', '2060', '2060', '2060', '0', 'Efectivo', 'Precio x Menor', 2, 3, 'Abril', 2023, '0', '1570', '1570', '', 3),
(384, 3, 365, 10755568, 182, 1, '2023-04-27', '0', '0', '4950', '4950', '4950', '0', 'Efectivo', 'Precio x Menor', 2, 3, 'Abril', 2023, '0', '3760', '3760', '', 3),
(385, 3, 211, 10755568, 183, 1, '2023-04-27', '0', '0', '4950', '4950', '4950', '0', 'Efectivo', 'Precio x Menor', 2, 3, 'Abril', 2023, '0', '3760', '3760', '', 3),
(386, 3, 451, 10755044, 184, 1, '2023-04-27', '0', '0', '2060', '2060', '2060', '0', 'Efectivo', 'Precio x Menor', 2, 3, 'Abril', 2023, '0', '1570', '1570', '', 3),
(387, 3, 212, 10755607, 185, 1, '2023-04-27', '0', '0', '3820', '3820', '3820', '0', 'Efectivo', 'Precio x Menor', 2, 3, 'Abril', 2023, '0', '2890', '2890', '', 3),
(388, 3, 3, 10755017, 186, 1, '2023-04-27', '0', '0', '5150', '5150', '5150', '0', 'Efectivo', 'Precio x Menor', 2, 3, 'Abril', 2023, '0', '3959', '3959', '', 3),
(389, 3, 3, 10755067, 186, 1, '2023-04-27', '0', '0', '3400', '3400', '3400', '0', 'Efectivo', 'Precio x Menor', 2, 3, 'Abril', 2023, '0', '2534', '2534', '', 3),
(390, 3, 198, 10755044, 187, 2, '2023-04-27', '0', '0', '2060', '2060', '4120', '0', 'Efectivo', 'Precio x Menor', 2, 3, 'Abril', 2023, '0', '1570', '3140', '', 3),
(391, 3, 198, 10755607, 187, 1, '2023-04-27', '0', '0', '3820', '3820', '3820', '0', 'Efectivo', 'Precio x Menor', 2, 3, 'Abril', 2023, '0', '2890', '2890', '', 3),
(392, 3, 448, 10755018, 188, 1, '2023-04-27', '0', '0', '3450', '3450', '3450', '0', 'Efectivo', 'Precio x Menor', 2, 3, 'Abril', 2023, '0', '2613', '2613', '', 3),
(393, 3, 10, 10755607, 189, 15, '2023-04-27', '0', '0', '3250', '3250', '48750', '0', 'Efectivo', 'Precio x Mayor', 2, 3, 'Abril', 2023, '0', '2890', '43350', '', 3),
(394, 3, 297, 10755018, 190, 2, '2023-04-27', '0', '0', '3450', '3450', '6900', '0', 'Efectivo', 'Precio x Menor', 2, 3, 'Abril', 2023, '0', '2613', '5226', '', 3),
(395, 3, 133, 10755018, 191, 1, '2023-04-27', '0', '0', '3450', '3450', '3450', '0', 'Efectivo', 'Precio x Menor', 2, 3, 'Abril', 2023, '0', '2613', '2613', '', 3),
(396, 3, 133, 10755027, 191, 1, '2023-04-27', '0', '0', '5020', '5020', '5020', '0', 'Efectivo', 'Precio x Menor', 2, 3, 'Abril', 2023, '0', '3840', '3840', '', 3),
(397, 3, 460, 10755009, 192, 1, '2023-04-27', '0', '0', '5320', '5320', '5320', '0', 'Efectivo', 'Precio x Menor', 2, 3, 'Abril', 2023, '0', '4355', '4355', '', 3),
(399, 1, 2, 9, 193, 1, '2023-04-27', '0', '0', '6430', '6430', '6430', '0', 'Efectivo', 'Precio x Menor', 1, 3, 'Abril', 2023, '0', '2399', '2399', '', 1),
(400, 1, 2, 13, 194, 1, '2023-04-27', '0', '0', '7700', '7700', '7700', '0', 'Efectivo', 'Precio x Menor', 1, 3, 'Abril', 2023, '0', '3159', '3159', '', 1),
(401, 1, 2, 4, 195, 1, '2023-04-27', '0', '0', '10850', '10850', '10850', '0', 'Efectivo', 'Precio x Menor', 1, 3, 'Abril', 2023, '0', '4204', '4204', '', 1),
(402, 3, 214, 10755026, 196, 1, '2023-04-27', '0', '0', '7350', '7350', '7350', '0', 'Efectivo', 'Precio x Menor', 2, 3, 'Abril', 2023, '0', '5620', '5620', '', 3),
(403, 3, 232, 10755611, 197, 1, '2023-04-27', '0', '0', '3700', '3700', '3700', '0', 'Efectivo', 'Precio x Menor', 2, 3, 'Abril', 2023, '0', '2990', '2990', '', 3),
(404, 3, 232, 10755826, 197, 1, '2023-04-27', '0', '0', '3850', '3850', '3850', '0', 'Efectivo', 'Precio x Menor', 2, 3, 'Abril', 2023, '0', '2940', '2940', '', 3),
(405, 3, 114, 10755026, 198, 1, '2023-04-27', '0', '0', '7350', '7350', '7350', '0', 'Efectivo', 'Precio x Menor', 2, 3, 'Abril', 2023, '0', '5620', '5620', '', 3),
(406, 3, 114, 10755012, 198, 1, '2023-04-27', '0', '0', '3900', '3900', '3900', '0', 'Efectivo', 'Precio x Menor', 2, 3, 'Abril', 2023, '0', '2969', '2969', '', 3),
(407, 3, 1, 10755050, 199, 1, '2023-04-27', '0', '0', '5900', '5900', '5900', '0', 'Efectivo', 'Precio x Menor', 2, 3, 'Abril', 2023, '0', '5428', '5428', '', 3),
(408, 3, 1, 10755013, 200, 1, '2023-04-27', '0', '0', '5450', '5450', '5450', '0', 'Efectivo', 'Precio x Menor', 2, 3, 'Abril', 2023, '0', '4592', '4592', '', 3),
(409, 3, 1, 10755010, 201, 0, '2023-04-27', '0', '0', '5230', '5230', '0', '0', 'Efectivo', 'Precio x Menor', 2, 3, 'Abril', 2023, '0', '4394', '0', '', 3),
(410, 3, 1, 10755568, 201, 0, '2023-04-27', '0', '0', '4500', '4500', '0', '0', 'Efectivo', 'Precio x Menor', 2, 3, 'Abril', 2023, '0', '3760', '0', '', 3),
(411, 3, 1, 10755010, 202, 1, '2023-04-27', '0', '0', '5230', '5230', '5230', '0', 'Efectivo', 'Precio x Menor', 2, 3, 'Abril', 2023, '0', '4394', '4394', '', 3),
(412, 3, 1, 10755568, 202, 1, '2023-04-27', '0', '0', '4500', '4500', '4500', '0', 'Efectivo', 'Precio x Menor', 2, 3, 'Abril', 2023, '0', '3760', '3760', '', 3),
(415, 3, 7, 10755017, 203, 5, '2023-04-27', '0', '10', '5150', '4635', '23175', '0', 'Efectivo', 'Precio x Menor', 2, 3, 'Abril', 2023, '0', '3959', '19795', '', 3),
(416, 3, 7, 10755012, 203, 2, '2023-04-27', '0', '0', '3900', '3900', '7800', '0', 'Efectivo', 'Precio x Menor', 2, 3, 'Abril', 2023, '0', '2969', '5938', '', 3),
(417, 3, 7, 10755031, 203, 1, '2023-04-27', '0', '0', '11430', '11430', '11430', '0', 'Efectivo', 'Precio x Menor', 2, 3, 'Abril', 2023, '0', '8831', '8831', '', 3),
(418, 3, 7, 10755027, 203, 1, '2023-04-27', '0', '0', '5020', '5020', '5020', '0', 'Efectivo', 'Precio x Menor', 2, 3, 'Abril', 2023, '0', '3840', '3840', '', 3),
(419, 3, 131, 10755026, 204, 1, '2023-04-28', '0', '0', '7350', '7350', '7350', '0', 'Efectivo', 'Precio x Menor', 2, 3, 'Abril', 2023, '0', '5620', '5620', '', 3),
(421, 3, 95, 10754998, 205, 2, '2023-04-28', '0', '0', '7650', '7650', '15300', '0', 'Efectivo', 'Precio x Mayor', 2, 3, 'Abril', 2023, '0', '6950', '13900', '', 3),
(422, 3, 95, 10754999, 205, 2, '2023-04-28', '0', '0', '7650', '7650', '15300', '0', 'Efectivo', 'Precio x Mayor', 2, 3, 'Abril', 2023, '0', '6950', '13900', '', 3),
(423, 3, 95, 10755001, 205, 5, '2023-04-28', '0', '0', '5530', '5530', '27650', '0', 'Efectivo', 'Precio x Mayor', 2, 3, 'Abril', 2023, '0', '4988', '24940', '', 3),
(425, 3, 95, 10755005, 205, 5, '2023-04-28', '0', '0', '7000', '7000', '35000', '0', 'Efectivo', 'Precio x Mayor', 2, 3, 'Abril', 2023, '0', '6334', '31670', '', 3),
(426, 3, 95, 10755003, 205, 5, '2023-04-28', '0', '0', '6430', '6430', '32150', '0', 'Efectivo', 'Precio x Mayor', 2, 3, 'Abril', 2023, '0', '5819', '29095', '', 3),
(427, 3, 95, 10755004, 205, 5, '2023-04-28', '0', '0', '5050', '5050', '25250', '0', 'Efectivo', 'Precio x Mayor', 2, 3, 'Abril', 2023, '0', '4632', '23160', '', 3),
(428, 3, 95, 10755006, 205, 5, '2023-04-28', '0', '0', '6500', '6500', '32500', '0', 'Efectivo', 'Precio x Mayor', 2, 3, 'Abril', 2023, '0', '5900', '29500', '', 3),
(429, 3, 95, 10755009, 205, 5, '2023-04-28', '0', '0', '5050', '5050', '25250', '0', 'Efectivo', 'Precio x Mayor', 2, 3, 'Abril', 2023, '0', '4355', '21775', '', 3),
(430, 3, 95, 10755008, 205, 5, '2023-04-28', '0', '0', '3700', '3700', '18500', '0', 'Efectivo', 'Precio x Mayor', 2, 3, 'Abril', 2023, '0', '3325', '16625', '', 3),
(431, 3, 95, 10755010, 205, 5, '2023-04-28', '0', '0', '4850', '4850', '24250', '0', 'Efectivo', 'Precio x Mayor', 2, 3, 'Abril', 2023, '0', '4394', '21970', '', 3),
(432, 3, 95, 10755012, 205, 5, '2023-04-28', '0', '0', '3240', '3240', '16200', '0', 'Efectivo', 'Precio x Mayor', 2, 3, 'Abril', 2023, '0', '2969', '14845', '', 3),
(433, 3, 95, 10755013, 205, 5, '2023-04-28', '0', '0', '5100', '5100', '25500', '0', 'Efectivo', 'Precio x Mayor', 2, 3, 'Abril', 2023, '0', '4592', '22960', '', 3),
(434, 3, 95, 10755016, 205, 2, '2023-04-28', '0', '0', '5940', '5940', '11880', '0', 'Efectivo', 'Precio x Mayor', 2, 3, 'Abril', 2023, '0', '5305', '10610', '', 3),
(435, 3, 95, 10755568, 205, 10, '2023-04-28', '0', '0', '4140', '4140', '41400', '0', 'Efectivo', 'Precio x Mayor', 2, 3, 'Abril', 2023, '0', '3760', '37600', '', 3),
(436, 3, 95, 10755017, 205, 6, '2023-04-28', '0', '0', '4360', '4360', '26160', '0', 'Efectivo', 'Precio x Mayor', 2, 3, 'Abril', 2023, '0', '3959', '23754', '', 3),
(437, 3, 95, 10755018, 205, 6, '2023-04-28', '0', '0', '2900', '2900', '17400', '0', 'Efectivo', 'Precio x Mayor', 2, 3, 'Abril', 2023, '0', '2613', '15678', '', 3),
(438, 3, 95, 10755067, 205, 6, '2023-04-28', '0', '0', '2800', '2800', '16800', '0', 'Efectivo', 'Precio x Mayor', 2, 3, 'Abril', 2023, '0', '2534', '15204', '', 3),
(439, 3, 95, 10755020, 205, 3, '2023-04-28', '0', '0', '5640', '5640', '16920', '0', 'Efectivo', 'Precio x Mayor', 2, 3, 'Abril', 2023, '0', '5107', '15321', '', 3),
(440, 3, 95, 10755021, 205, 5, '2023-04-28', '0', '0', '6500', '6500', '32500', '0', 'Efectivo', 'Precio x Mayor', 2, 3, 'Abril', 2023, '0', '5900', '29500', '', 3),
(441, 3, 95, 10755305, 205, 4, '2023-04-28', '0', '0', '11590', '11590', '46360', '0', 'Efectivo', 'Precio x Mayor', 2, 3, 'Abril', 2023, '0', '10530', '42120', '', 3),
(442, 3, 95, 10755303, 205, 5, '2023-04-28', '0', '0', '5980', '5980', '29900', '0', 'Efectivo', 'Precio x Mayor', 2, 3, 'Abril', 2023, '0', '4433', '22165', '', 3),
(443, 3, 95, 10755024, 205, 2, '2023-04-28', '0', '0', '4310', '4310', '8620', '0', 'Efectivo', 'Precio x Mayor', 2, 3, 'Abril', 2023, '0', '3918', '7836', '', 3),
(444, 3, 95, 10755026, 205, 4, '2023-04-28', '0', '0', '6130', '6130', '24520', '0', 'Efectivo', 'Precio x Mayor', 2, 3, 'Abril', 2023, '0', '5620', '22480', '', 3),
(445, 3, 95, 10755028, 205, 3, '2023-04-28', '0', '0', '3360', '3360', '10080', '0', 'Efectivo', 'Precio x Mayor', 2, 3, 'Abril', 2023, '0', '3088', '9264', '', 3),
(446, 3, 95, 10755027, 205, 3, '2023-04-28', '0', '0', '4230', '4230', '12690', '0', 'Efectivo', 'Precio x Mayor', 2, 3, 'Abril', 2023, '0', '3840', '11520', '', 3),
(447, 3, 95, 10755607, 205, 15, '2023-04-28', '0', '0', '3250', '3250', '48750', '0', 'Efectivo', 'Precio x Mayor', 2, 3, 'Abril', 2023, '0', '2890', '43350', '', 3),
(448, 3, 95, 10755605, 205, 10, '2023-04-28', '0', '0', '4250', '4250', '42500', '0', 'Efectivo', 'Precio x Mayor', 2, 3, 'Abril', 2023, '0', '2690', '26900', '', 3),
(449, 3, 95, 10755120, 205, 5, '2023-04-28', '0', '0', '5050', '5050', '25250', '0', 'Efectivo', 'Precio x Mayor', 2, 3, 'Abril', 2023, '0', '4430', '22150', '', 3),
(450, 3, 95, 10755612, 205, 7, '2023-04-28', '0', '0', '4600', '4600', '32200', '0', 'Efectivo', 'Precio x Mayor', 2, 3, 'Abril', 2023, '0', '3989', '27923', '', 3),
(451, 3, 95, 10755050, 205, 3, '2023-04-28', '0', '0', '5970', '5970', '17910', '0', 'Efectivo', 'Precio x Mayor', 2, 3, 'Abril', 2023, '0', '5428', '16284', '', 3),
(452, 3, 95, 10755609, 205, 3, '2023-04-28', '0', '0', '3200', '3200', '9600', '0', 'Efectivo', 'Precio x Mayor', 2, 3, 'Abril', 2023, '0', '2850', '8550', '', 3),
(453, 3, 95, 10755699, 205, 2, '2023-04-28', '0', '0', '12590', '12590', '25180', '0', 'Efectivo', 'Precio x Mayor', 2, 3, 'Abril', 2023, '0', '9177', '18354', '', 3),
(454, 3, 95, 10755700, 205, 2, '2023-04-28', '0', '0', '12590', '12590', '25180', '0', 'Efectivo', 'Precio x Mayor', 2, 3, 'Abril', 2023, '0', '9177', '18354', '', 3),
(455, 3, 95, 10755704, 205, 1, '2023-04-28', '0', '0', '12460', '12460', '12460', '0', 'Efectivo', 'Precio x Mayor', 2, 3, 'Abril', 2023, '0', '11128', '11128', '', 3),
(456, 3, 95, 10755703, 205, 1, '2023-04-28', '0', '0', '11650', '11650', '11650', '0', 'Efectivo', 'Precio x Mayor', 2, 3, 'Abril', 2023, '0', '10400', '10400', '', 3),
(457, 3, 95, 10755352, 205, 2, '2023-04-28', '0', '0', '8600', '8600', '17200', '0', 'Efectivo', 'Precio x Mayor', 2, 3, 'Abril', 2023, '0', '864', '1728', '', 3),
(459, 3, 95, 10755351, 205, 4, '2023-04-28', '0', '0', '7900', '7900', '31600', '0', 'Efectivo', 'Precio x Mayor', 2, 3, 'Abril', 2023, '0', '4056', '16224', '', 3),
(460, 3, 95, 10755569, 205, 36, '2023-04-28', '0', '0', '180', '180', '6480', '0', 'Efectivo', 'Precio x Mayor', 2, 3, 'Abril', 2023, '0', '80', '2880', '', 3),
(461, 3, 95, 10755693, 205, 36, '2023-04-28', '0', '0', '180', '180', '6480', '0', 'Efectivo', 'Precio x Mayor', 2, 3, 'Abril', 2023, '0', '90', '3240', '', 3),
(462, 3, 95, 10755695, 205, 36, '2023-04-28', '0', '0', '180', '180', '6480', '0', 'Efectivo', 'Precio x Mayor', 2, 3, 'Abril', 2023, '0', '90', '3240', '', 3),
(463, 3, 95, 10755362, 205, 36, '2023-04-28', '0', '0', '180', '180', '6480', '0', 'Efectivo', 'Precio x Mayor', 2, 3, 'Abril', 2023, '0', '76', '2736', '', 3),
(464, 3, 95, 10755361, 205, 36, '2023-04-28', '0', '0', '180', '180', '6480', '0', 'Efectivo', 'Precio x Mayor', 2, 3, 'Abril', 2023, '0', '76', '2736', '', 3),
(465, 3, 95, 10755384, 205, 12, '2023-04-28', '0', '0', '400', '400', '4800', '0', 'Efectivo', 'Precio x Mayor', 2, 3, 'Abril', 2023, '0', '278', '3336', '', 3),
(466, 3, 95, 10755383, 205, 12, '2023-04-28', '0', '0', '400', '400', '4800', '0', 'Efectivo', 'Precio x Mayor', 2, 3, 'Abril', 2023, '0', '278', '3336', '', 3),
(467, 3, 95, 10755385, 205, 12, '2023-04-28', '0', '0', '400', '400', '4800', '0', 'Efectivo', 'Precio x Mayor', 2, 3, 'Abril', 2023, '0', '278', '3336', '', 3),
(468, 3, 95, 10755388, 205, 12, '2023-04-28', '0', '0', '400', '400', '4800', '0', 'Efectivo', 'Precio x Mayor', 2, 3, 'Abril', 2023, '0', '278', '3336', '', 3),
(469, 3, 95, 10755124, 205, 4, '2023-04-28', '0', '0', '1580', '1580', '6320', '0', 'Efectivo', 'Precio x Mayor', 2, 3, 'Abril', 2023, '0', '1020', '4080', '', 3),
(470, 3, 95, 10755616, 205, 5, '2023-04-28', '0', '0', '2250', '2250', '11250', '0', 'Efectivo', 'Precio x Mayor', 2, 3, 'Abril', 2023, '0', '1650', '8250', '', 3),
(471, 3, 95, 10755617, 205, 5, '2023-04-28', '0', '0', '2780', '2780', '13900', '0', 'Efectivo', 'Precio x Mayor', 2, 3, 'Abril', 2023, '0', '2135', '10675', '', 3),
(472, 3, 95, 10755618, 205, 5, '2023-04-28', '0', '0', '3250', '3250', '16250', '0', 'Efectivo', 'Precio x Mayor', 2, 3, 'Abril', 2023, '0', '2500', '12500', '', 3),
(473, 3, 95, 10755619, 205, 6, '2023-04-28', '0', '0', '600', '600', '3600', '0', 'Efectivo', 'Precio x Mayor', 2, 3, 'Abril', 2023, '0', '423', '2538', '', 3),
(474, 3, 95, 10755627, 205, 4, '2023-04-28', '0', '0', '1450', '1450', '5800', '0', 'Efectivo', 'Precio x Mayor', 2, 3, 'Abril', 2023, '0', '1157', '4628', '', 3),
(475, 3, 95, 10755897, 205, 6, '2023-04-28', '0', '0', '840', '840', '5040', '0', 'Efectivo', 'Precio x Mayor', 2, 3, 'Abril', 2023, '0', '496', '2976', '', 3),
(476, 3, 79, 10755607, 206, 1, '2023-04-28', '0', '0', '3820', '3820', '3820', '0', 'Efectivo', 'Precio x Menor', 2, 3, 'Abril', 2023, '0', '2890', '2890', '', 3),
(477, 3, 79, 10755018, 206, 1, '2023-04-28', '0', '0', '3450', '3450', '3450', '0', 'Efectivo', 'Precio x Menor', 2, 3, 'Abril', 2023, '0', '2613', '2613', '', 3),
(478, 3, 460, 10755036, 207, 1, '2023-04-28', '0', '0', '7950', '7950', '7950', '0', 'Efectivo', 'Precio x Menor', 2, 3, 'Abril', 2023, '0', '6455', '6455', '', 3),
(479, 3, 1, 10755300, 208, 1, '2023-04-28', '0', '0', '3400', '3400', '3400', '0', 'Efectivo', 'Precio x Menor', 2, 3, 'Abril', 2023, '0', '2580', '2580', '', 3),
(480, 3, 328, 10755044, 209, 1, '2023-04-28', '0', '0', '2060', '2060', '2060', '0', 'Efectivo', 'Precio x Menor', 2, 3, 'Abril', 2023, '0', '1570', '1570', '', 3),
(481, 3, 94, 10755017, 210, 1, '2023-04-28', '0', '0', '5150', '5150', '5150', '0', 'Efectivo', 'Precio x Menor', 2, 3, 'Abril', 2023, '0', '3959', '3959', '', 3),
(482, 3, 94, 10755067, 210, 1, '2023-04-28', '0', '0', '3400', '3400', '3400', '0', 'Efectivo', 'Precio x Menor', 2, 3, 'Abril', 2023, '0', '2534', '2534', '', 3),
(483, 3, 94, 10755018, 210, 1, '2023-04-28', '0', '0', '3450', '3450', '3450', '0', 'Efectivo', 'Precio x Menor', 2, 3, 'Abril', 2023, '0', '2613', '2613', '', 3),
(484, 3, 94, 10755003, 210, 1, '2023-04-28', '0', '0', '7650', '7650', '7650', '0', 'Efectivo', 'Precio x Menor', 2, 3, 'Abril', 2023, '0', '5819', '5819', '', 3),
(485, 3, 94, 10755005, 210, 1, '2023-04-28', '0', '0', '8250', '8250', '8250', '0', 'Efectivo', 'Precio x Menor', 2, 3, 'Abril', 2023, '0', '6334', '6334', '', 3),
(486, 3, 94, 10755004, 210, 1, '2023-04-28', '0', '0', '5850', '5850', '5850', '0', 'Efectivo', 'Precio x Menor', 2, 3, 'Abril', 2023, '0', '4632', '4632', '', 3),
(487, 3, 94, 10755569, 210, 12, '2023-04-28', '0', '0', '200', '200', '2400', '0', 'Efectivo', 'Precio x Menor', 2, 3, 'Abril', 2023, '0', '80', '960', '', 3),
(488, 3, 94, 10755361, 210, 12, '2023-04-28', '0', '0', '200', '200', '2400', '0', 'Efectivo', 'Precio x Menor', 2, 3, 'Abril', 2023, '0', '76', '912', '', 3),
(490, 3, 61, 10755044, 211, 4, '2023-04-28', '0', '0', '1870', '1870', '7480', '0', 'Efectivo', 'Precio x Mayor', 2, 3, 'Abril', 2023, '0', '1570', '6280', '', 3),
(492, 3, 61, 10755028, 211, 1, '2023-04-28', '0', '0', '4100', '4100', '4100', '0', 'Efectivo', 'Precio x Menor', 2, 3, 'Abril', 2023, '0', '3088', '3088', '', 3),
(493, 3, 61, 10755004, 211, 1, '2023-04-28', '0', '0', '5850', '5850', '5850', '0', 'Efectivo', 'Precio x Menor', 2, 3, 'Abril', 2023, '0', '4632', '4632', '', 3),
(494, 3, 61, 10755016, 211, 1, '2023-04-28', '0', '0', '7000', '7000', '7000', '0', 'Efectivo', 'Precio x Menor', 2, 3, 'Abril', 2023, '0', '5305', '5305', '', 3),
(495, 3, 61, 10755568, 211, 1, '2023-04-28', '0', '0', '4950', '4950', '4950', '0', 'Efectivo', 'Precio x Menor', 2, 3, 'Abril', 2023, '0', '3760', '3760', '', 3),
(496, 3, 61, 10755607, 211, 2, '2023-04-28', '0', '0', '3820', '3820', '7640', '0', 'Efectivo', 'Precio x Menor', 2, 3, 'Abril', 2023, '0', '2890', '5780', '', 3),
(497, 3, 101, 10755568, 212, 1, '2023-04-29', '0', '0', '4950', '4950', '4950', '0', 'Efectivo', 'Precio x Menor', 2, 3, 'Abril', 2023, '0', '3760', '3760', '', 3),
(501, 3, 0, 10755439, 211, 1, '2023-04-29', '0', '0', '650', '650', '650', '0', 'Efectivo', 'Precio x Menor', 2, 3, 'Abril', 2023, '0', '390', '390', '', 3),
(502, 3, 1, 10755610, 212, 1, '2023-04-29', '0', '0', '5650', '5650', '5650', '0', 'Efectivo', 'Precio x Menor', 2, 3, 'Abril', 2023, '0', '4909', '4909', '', 3),
(503, 3, 1, 10755610, 213, 1, '2023-04-29', '0', '0', '5650', '5650', '5650', '0', 'Efectivo', 'Precio x Menor', 2, 3, 'Abril', 2023, '0', '4909', '4909', '', 3),
(504, 3, 460, 10755607, 214, 1, '2023-04-29', '0', '0', '3470', '3470', '3470', '0', 'Efectivo', 'Precio x Menor', 2, 3, 'Abril', 2023, '0', '2890', '2890', '', 3),
(505, 3, 460, 10755568, 214, 1, '2023-04-29', '0', '0', '4500', '4500', '4500', '0', 'Efectivo', 'Precio x Menor', 2, 3, 'Abril', 2023, '0', '3760', '3760', '', 3),
(506, 3, 460, 10755568, 215, 1, '2023-04-29', '0', '0', '4500', '4500', '4500', '0', 'Efectivo', 'Precio x Menor', 2, 3, 'Abril', 2023, '0', '3760', '3760', '', 3),
(507, 3, 460, 10755607, 215, 1, '2023-04-29', '0', '0', '3470', '3470', '3470', '0', 'Efectivo', 'Precio x Menor', 2, 3, 'Abril', 2023, '0', '2890', '2890', '', 3),
(508, 3, 1, 10755568, 216, 1, '2023-05-02', '0', '0', '4950', '4950', '4950', '0', 'Efectivo', 'Precio x Menor', 2, 3, 'Mayo', 2023, '0', '3760', '3760', '', 3),
(509, 3, 1, 10755003, 216, 1, '2023-05-02', '0', '0', '7650', '7650', '7650', '0', 'Efectivo', 'Precio x Menor', 2, 3, 'Mayo', 2023, '0', '5819', '5819', '', 3),
(510, 3, 35, 10755010, 217, 1, '2023-05-02', '0', '0', '5750', '5750', '5750', '0', 'Efectivo', 'Precio x Menor', 2, 3, 'Mayo', 2023, '0', '4394', '4394', '', 3),
(511, 3, 35, 10755026, 217, 1, '2023-05-02', '0', '0', '7350', '7350', '7350', '0', 'Efectivo', 'Precio x Menor', 2, 3, 'Mayo', 2023, '0', '5620', '5620', '', 3),
(512, 3, 428, 10755568, 218, 1, '2023-05-02', '0', '0', '4950', '4950', '4950', '0', 'Efectivo', 'Precio x Menor', 2, 3, 'Mayo', 2023, '0', '3760', '3760', '', 3),
(513, 3, 92, 10755008, 219, 1, '2023-05-02', '0', '0', '4400', '4400', '4400', '0', 'Efectivo', 'Precio x Menor', 2, 3, 'Mayo', 2023, '0', '3325', '3325', '', 3),
(514, 3, 38, 10755030, 220, 1, '2023-05-02', '0', '0', '10750', '10750', '10750', '0', 'Efectivo', 'Precio x Menor', 2, 3, 'Mayo', 2023, '0', '8260', '8260', '', 3),
(515, 3, 38, 10755379, 220, 1, '2023-05-02', '0', '0', '8350', '8350', '8350', '0', 'Efectivo', 'Precio x Menor', 2, 3, 'Mayo', 2023, '0', '6441', '6441', '', 3),
(516, 3, 41, 10755568, 221, 1, '2023-05-02', '0', '0', '4950', '4950', '4950', '0', 'Efectivo', 'Precio x Menor', 2, 3, 'Mayo', 2023, '0', '3760', '3760', '', 3),
(517, 3, 310, 10755018, 222, 1, '2023-05-02', '0', '0', '3450', '3450', '3450', '0', 'Efectivo', 'Precio x Menor', 2, 3, 'Mayo', 2023, '0', '2613', '2613', '', 3),
(518, 3, 310, 10755607, 222, 1, '2023-05-02', '0', '0', '3820', '3820', '3820', '0', 'Efectivo', 'Precio x Menor', 2, 3, 'Mayo', 2023, '0', '2890', '2890', '', 3),
(519, 3, 43, 10755067, 223, 1, '2023-05-02', '0', '0', '3400', '3400', '3400', '0', 'Efectivo', 'Precio x Menor', 2, 3, 'Mayo', 2023, '0', '2534', '2534', '', 3),
(520, 3, 43, 10755044, 223, 1, '2023-05-02', '0', '0', '2060', '2060', '2060', '0', 'Efectivo', 'Precio x Menor', 2, 3, 'Mayo', 2023, '0', '1570', '1570', '', 3),
(521, 3, 44, 10755067, 224, 1, '2023-05-02', '0', '0', '3400', '3400', '3400', '0', 'Efectivo', 'Precio x Menor', 2, 3, 'Mayo', 2023, '0', '2534', '2534', '', 3),
(522, 3, 44, 10755017, 224, 1, '2023-05-02', '0', '0', '5150', '5150', '5150', '0', 'Efectivo', 'Precio x Menor', 2, 3, 'Mayo', 2023, '0', '3959', '3959', '', 3),
(523, 3, 145, 10755018, 225, 1, '2023-05-02', '0', '0', '3450', '3450', '3450', '0', 'Efectivo', 'Precio x Menor', 2, 3, 'Mayo', 2023, '0', '2613', '2613', '', 3),
(524, 3, 390, 10755300, 226, 1, '2023-05-02', '0', '0', '3400', '3400', '3400', '0', 'Efectivo', 'Precio x Menor', 2, 3, 'Mayo', 2023, '0', '2580', '2580', '', 3),
(525, 3, 122, 10755044, 227, 1, '2023-05-02', '0', '0', '2060', '2060', '2060', '0', 'Efectivo', 'Precio x Menor', 2, 3, 'Mayo', 2023, '0', '1570', '1570', '', 3),
(526, 3, 122, 10755607, 227, 1, '2023-05-02', '0', '0', '1910', '1910', '1910', '0', 'Efectivo', 'Precio x Menor', 2, 3, 'Mayo', 2023, '0', '2890', '2890', '', 3),
(527, 3, 101, 10755018, 228, 1, '2023-05-02', '0', '0', '3450', '3450', '3450', '0', 'Efectivo', 'Precio x Menor', 2, 3, 'Mayo', 2023, '0', '2613', '2613', '', 3),
(528, 3, 47, 10755027, 229, 1, '2023-05-02', '0', '0', '5020', '5020', '5020', '0', 'Efectivo', 'Precio x Menor', 2, 3, 'Mayo', 2023, '0', '3840', '3840', '', 3),
(529, 3, 47, 10755026, 229, 1, '2023-05-02', '0', '0', '7350', '7350', '7350', '0', 'Efectivo', 'Precio x Menor', 2, 3, 'Mayo', 2023, '0', '5620', '5620', '', 3),
(530, 3, 47, 10755382, 229, 1, '2023-05-02', '0', '0', '8350', '8350', '8350', '0', 'Efectivo', 'Precio x Menor', 2, 3, 'Mayo', 2023, '0', '6441', '6441', '', 3),
(531, 3, 47, 10755636, 229, 12, '2023-05-02', '0', '0', '200', '200', '2400', '0', 'Efectivo', 'Precio x Menor', 2, 3, 'Mayo', 2023, '0', '90', '1080', '', 3),
(532, 3, 1, 10755841, 230, 1, '2023-05-02', '0', '0', '1530', '1530', '1530', '0', 'Efectivo', 'Precio x Menor', 2, 3, 'Mayo', 2023, '0', '1020', '1020', '', 3),
(533, 3, 49, 10755031, 231, 1, '2023-05-02', '0', '0', '11430', '11430', '11430', '0', 'Efectivo', 'Precio x Menor', 2, 3, 'Mayo', 2023, '0', '8831', '8831', '', 3),
(535, 3, 104, 10755018, 232, 1, '2023-05-02', '0', '0', '3450', '3450', '3450', '0', 'Efectivo', 'Precio x Menor', 2, 3, 'Mayo', 2023, '0', '2613', '2613', '', 3),
(536, 3, 51, 10755026, 233, 1, '2023-05-02', '0', '0', '7350', '7350', '7350', '0', 'Efectivo', 'Precio x Menor', 2, 3, 'Mayo', 2023, '0', '5620', '5620', '', 3),
(537, 3, 51, 10755607, 233, 1, '2023-05-02', '0', '0', '3820', '3820', '3820', '0', 'Efectivo', 'Precio x Menor', 2, 3, 'Mayo', 2023, '0', '2890', '2890', '', 3),
(538, 3, 124, 10755027, 234, 1, '2023-05-02', '0', '0', '5020', '5020', '5020', '0', 'Efectivo', 'Precio x Menor', 2, 3, 'Mayo', 2023, '0', '3840', '3840', '', 3),
(539, 3, 107, 10755017, 235, 1, '2023-05-02', '0', '0', '5150', '5150', '5150', '0', 'Efectivo', 'Precio x Menor', 2, 3, 'Mayo', 2023, '0', '3959', '3959', '', 3),
(541, 3, 53, 10755009, 236, 1, '2023-05-02', '0', '0', '5850', '5850', '5850', '0', 'Efectivo', 'Precio x Menor', 2, 3, 'Mayo', 2023, '0', '4355', '4355', '', 3),
(542, 3, 53, 10755379, 236, 1, '2023-05-02', '0', '0', '8350', '8350', '8350', '0', 'Efectivo', 'Precio x Menor', 2, 3, 'Mayo', 2023, '0', '6441', '6441', '', 3),
(543, 3, 53, 10755009, 237, 1, '2023-05-02', '0', '0', '5850', '5850', '5850', '0', 'Efectivo', 'Precio x Menor', 2, 3, 'Mayo', 2023, '0', '4355', '4355', '', 3),
(544, 3, 53, 10755379, 237, 1, '2023-05-02', '0', '0', '8350', '8350', '8350', '0', 'Efectivo', 'Precio x Menor', 2, 3, 'Mayo', 2023, '0', '6441', '6441', '', 3),
(545, 3, 53, 10755963, 237, 1, '2023-05-02', '0', '0', '1500', '1500', '1500', '0', 'Efectivo', 'Precio x Menor', 2, 3, 'Mayo', 2023, '0', '1800', '1800', '', 3),
(546, 3, 126, 10755026, 238, 1, '2023-05-02', '0', '0', '7350', '7350', '7350', '0', 'Efectivo', 'Precio x Menor', 2, 3, 'Mayo', 2023, '0', '5620', '5620', '', 3),
(547, 3, 108, 10755568, 239, 1, '2023-05-02', '0', '0', '4950', '4950', '4950', '0', 'Efectivo', 'Precio x Menor', 2, 3, 'Mayo', 2023, '0', '3760', '3760', '', 3),
(548, 3, 52, 10755031, 240, 1, '2023-05-02', '0', '0', '11430', '11430', '11430', '0', 'Efectivo', 'Precio x Menor', 2, 3, 'Mayo', 2023, '0', '8831', '8831', '', 3),
(549, 3, 52, 10755379, 240, 1, '2023-05-02', '0', '0', '8350', '8350', '8350', '0', 'Efectivo', 'Precio x Menor', 2, 3, 'Mayo', 2023, '0', '6441', '6441', '', 3),
(550, 3, 259, 10755018, 241, 1, '2023-05-02', '0', '0', '3450', '3450', '3450', '0', 'Efectivo', 'Precio x Menor', 2, 3, 'Mayo', 2023, '0', '2613', '2613', '', 3),
(551, 3, 259, 10755568, 241, 1, '2023-05-02', '0', '0', '4950', '4950', '4950', '0', 'Efectivo', 'Precio x Menor', 2, 3, 'Mayo', 2023, '0', '3760', '3760', '', 3),
(552, 3, 280, 10755018, 242, 2, '2023-05-02', '0', '0', '3450', '3450', '6900', '0', 'Efectivo', 'Precio x Menor', 2, 3, 'Mayo', 2023, '0', '2613', '5226', '', 3),
(553, 3, 267, 10755018, 243, 2, '2023-05-02', '0', '0', '3450', '3450', '6900', '0', 'Efectivo', 'Precio x Menor', 2, 3, 'Mayo', 2023, '0', '2613', '5226', '', 3),
(555, 3, 267, 10755568, 243, 1, '2023-05-02', '0', '0', '4950', '4950', '4950', '0', 'Efectivo', 'Precio x Menor', 2, 3, 'Mayo', 2023, '0', '3760', '3760', '', 3),
(556, 3, 181, 10755009, 244, 5, '2023-05-02', '0', '0', '5850', '5850', '29250', '0', 'Efectivo', 'Precio x Menor', 2, 3, 'Mayo', 2023, '0', '4355', '21775', '', 3),
(557, 3, 181, 10755044, 244, 5, '2023-05-02', '0', '0', '1870', '1870', '9350', '0', 'Efectivo', 'Precio x Mayor', 2, 3, 'Mayo', 2023, '0', '1570', '7850', '', 3),
(558, 3, 181, 10755301, 244, 1, '2023-05-02', '0', '0', '6900', '6900', '6900', '0', 'Efectivo', 'Precio x Menor', 2, 3, 'Mayo', 2023, '0', '4275', '4275', '', 3),
(559, 3, 181, 10755024, 244, 5, '2023-05-02', '0', '10', '5150', '4635', '23175', '0', 'Efectivo', 'Precio x Menor', 2, 3, 'Mayo', 2023, '0', '3918', '19590', '', 3),
(560, 3, 181, 10755018, 244, 1, '2023-05-02', '0', '0', '3450', '3450', '3450', '0', 'Efectivo', 'Precio x Menor', 2, 3, 'Mayo', 2023, '0', '2613', '2613', '', 3),
(561, 3, 242, 10755568, 245, 1, '2023-05-02', '0', '0', '4950', '4950', '4950', '0', 'Efectivo', 'Precio x Menor', 2, 3, 'Mayo', 2023, '0', '3760', '3760', '', 3),
(562, 3, 0, 10755361, 246, 12, '2023-05-02', '0', '0', '200', '200', '2400', '0', 'Efectivo', 'Precio x Menor', 2, 3, 'Mayo', 2023, '0', '76', '912', '', 3),
(563, 3, 247, 10755607, 247, 1, '2023-05-02', '0', '0', '3820', '3820', '3820', '0', 'Efectivo', 'Precio x Menor', 2, 3, 'Mayo', 2023, '0', '2890', '2890', '', 3),
(564, 3, 1, 10755362, 248, 12, '2023-05-02', '0', '0', '200', '200', '2400', '0', 'Efectivo', 'Precio x Menor', 2, 3, 'Mayo', 2023, '0', '76', '912', '', 3),
(565, 3, 281, 10755018, 249, 1, '2023-05-02', '0', '0', '3450', '3450', '3450', '0', 'Efectivo', 'Precio x Menor', 2, 3, 'Mayo', 2023, '0', '2613', '2613', '', 3),
(566, 3, 107, 10755026, 235, 1, '2023-05-02', '0', '0', '7350', '7350', '7350', '0', 'Efectivo', 'Precio x Menor', 2, 3, 'Mayo', 2023, '0', '5620', '5620', '', 3),
(568, 3, 181, 10755044, 236, 5, '2023-05-02', '0', '0', '1870', '1870', '9350', '0', 'Efectivo', 'Precio x Mayor', 2, 3, 'Mayo', 2023, '0', '1570', '7850', '', 3),
(569, 3, 1, 10755568, 236, 5, '2023-05-02', '0', '0', '4140', '4140', '20700', '0', 'Efectivo', 'Precio x Mayor', 2, 3, 'Mayo', 2023, '0', '3760', '18800', '', 3),
(570, 3, 1, 10755568, 237, 1, '2023-05-02', '0', '0', '4950', '4950', '4950', '0', 'Efectivo', 'Precio x Menor', 2, 3, 'Mayo', 2023, '0', '3760', '3760', '', 3),
(571, 3, 1, 10755568, 238, 1, '2023-05-02', '0', '0', '4950', '4950', '4950', '0', 'Efectivo', 'Precio x Menor', 2, 3, 'Mayo', 2023, '0', '3760', '3760', '', 3),
(572, 3, 1, 10755568, 239, 1, '2023-05-02', '0', '0', '4950', '4950', '4950', '0', 'Efectivo', 'Precio x Menor', 2, 3, 'Mayo', 2023, '0', '3760', '3760', '', 3),
(573, 3, 181, 10755009, 240, 5, '2023-05-02', '0', '0', '5850', '5850', '29250', '0', 'Efectivo', 'Precio x Menor', 2, 3, 'Mayo', 2023, '0', '4355', '21775', '', 3),
(574, 3, 181, 10755044, 240, 5, '2023-05-02', '0', '0', '1870', '1870', '9350', '0', 'Efectivo', 'Precio x Mayor', 2, 3, 'Mayo', 2023, '0', '1570', '7850', '', 3),
(575, 3, 181, 10755301, 240, 1, '2023-05-02', '0', '0', '6900', '6900', '6900', '0', 'Efectivo', 'Precio x Menor', 2, 3, 'Mayo', 2023, '0', '4275', '4275', '', 3),
(576, 3, 181, 10755024, 240, 5, '2023-05-02', '0', '10', '5150', '4635', '23175', '0', 'Efectivo', 'Precio x Menor', 2, 3, 'Mayo', 2023, '0', '3918', '19590', '', 3),
(577, 3, 181, 10755018, 240, 1, '2023-05-02', '0', '0', '3450', '3450', '3450', '0', 'Efectivo', 'Precio x Menor', 2, 3, 'Mayo', 2023, '0', '2613', '2613', '', 3),
(578, 3, 181, 10755010, 240, 5, '2023-05-02', '0', '10', '5750', '5175', '25875', '0', 'Efectivo', 'Precio x Menor', 2, 3, 'Mayo', 2023, '0', '4394', '21970', '', 3),
(593, 3, 181, 10755009, 250, 5, '2023-05-03', '0', '10', '5850', '5265', '26325', '0', 'Efectivo', 'Precio x Menor', 2, 3, 'Mayo', 2023, '0', '4355', '21775', '', 3),
(594, 3, 181, 10755044, 250, 5, '2023-05-03', '0', '0', '1870', '1870', '9350', '0', 'Efectivo', 'Precio x Mayor', 2, 3, 'Mayo', 2023, '0', '1570', '7850', '', 3),
(595, 3, 181, 10755301, 250, 1, '2023-05-03', '0', '0', '6900', '6900', '6900', '0', 'Efectivo', 'Precio x Menor', 2, 3, 'Mayo', 2023, '0', '4275', '4275', '', 3),
(596, 3, 181, 10755024, 250, 5, '2023-05-03', '0', '10', '5150', '4635', '23175', '0', 'Efectivo', 'Precio x Menor', 2, 3, 'Mayo', 2023, '0', '3918', '19590', '', 3),
(597, 3, 181, 10755018, 250, 1, '2023-05-03', '0', '0', '3450', '3450', '3450', '0', 'Efectivo', 'Precio x Menor', 2, 3, 'Mayo', 2023, '0', '2613', '2613', '', 3),
(598, 3, 181, 10755012, 250, 5, '2023-05-03', '0', '10', '3900', '3510', '17550', '0', 'Efectivo', 'Precio x Menor', 2, 3, 'Mayo', 2023, '0', '2969', '14845', '', 3),
(599, 3, 402, 10755044, 251, 1, '2023-05-03', '0', '0', '2060', '2060', '2060', '0', 'Efectivo', 'Precio x Menor', 2, 3, 'Mayo', 2023, '0', '1570', '1570', '', 3),
(600, 3, 1, 10755906, 252, 1, '2023-05-03', '0', '0', '3360', '3360', '3360', '0', 'Efectivo', 'Precio x Menor', 2, 3, 'Mayo', 2023, '0', '2098', '2098', '', 3),
(601, 3, 405, 10755572, 253, 2, '2023-05-03', '0', '10', '15650', '14085', '28170', '0', 'Efectivo', 'Precio x Menor', 2, 3, 'Mayo', 2023, '0', '12503', '25006', '', 3),
(602, 3, 405, 10755012, 253, 2, '2023-05-03', '0', '10', '4200', '3780', '7560', '0', 'Efectivo', 'Precio x Menor', 2, 3, 'Mayo', 2023, '0', '3167', '6334', '', 3),
(603, 3, 405, 10755018, 253, 2, '2023-05-03', '0', '10', '3710', '3339', '6678', '0', 'Efectivo', 'Precio x Menor', 2, 3, 'Mayo', 2023, '0', '2811', '5622', '', 3),
(604, 3, 405, 10755067, 253, 2, '2023-05-03', '0', '0', '3560', '3560', '7120', '0', 'Efectivo', 'Precio x Menor', 2, 3, 'Mayo', 2023, '0', '2692', '5384', '', 3),
(605, 3, 405, 10755023, 253, 1, '2023-05-03', '0', '10', '7450', '6705', '6705', '0', 'Efectivo', 'Precio x Menor', 2, 3, 'Mayo', 2023, '0', '3405', '3405', '', 3),
(606, 3, 405, 10755366, 253, 2, '2023-05-03', '0', '10', '5750', '5175', '10350', '0', 'Efectivo', 'Precio x Menor', 2, 3, 'Mayo', 2023, '0', '3951', '7902', '', 3),
(607, 3, 405, 10755006, 253, 1, '2023-05-03', '0', '10', '8360', '7524', '7524', '0', 'Efectivo', 'Precio x Menor', 2, 3, 'Mayo', 2023, '0', '6334', '6334', '', 3),
(608, 3, 405, 10755607, 253, 2, '2023-05-03', '0', '10', '4180', '3762', '7524', '0', 'Efectivo', 'Precio x Menor', 2, 3, 'Mayo', 2023, '0', '2890', '5780', '', 3),
(609, 3, 405, 10755826, 253, 2, '2023-05-03', '0', '10', '3850', '3465', '6930', '0', 'Efectivo', 'Precio x Menor', 2, 3, 'Mayo', 2023, '0', '2940', '5880', '', 3),
(610, 3, 405, 10755610, 253, 1, '2023-05-03', '0', '0', '5650', '5650', '5650', '0', 'Efectivo', 'Precio x Menor', 2, 3, 'Mayo', 2023, '0', '4909', '4909', '', 3),
(611, 3, 405, 10755605, 253, 2, '2023-05-03', '0', '0', '4500', '4500', '9000', '0', 'Efectivo', 'Precio x Menor', 2, 3, 'Mayo', 2023, '0', '2690', '5380', '', 3),
(612, 3, 405, 10755865, 253, 1, '2023-05-03', '0', '10', '6750', '6075', '6075', '0', 'Efectivo', 'Precio x Menor', 2, 3, 'Mayo', 2023, '0', '5146', '5146', '', 3),
(613, 3, 405, 10755867, 253, 1, '2023-05-03', '0', '10', '6100', '5490', '5490', '0', 'Efectivo', 'Precio x Menor', 2, 3, 'Mayo', 2023, '0', '4675', '4675', '', 3),
(614, 3, 405, 10755868, 253, 1, '2023-05-03', '0', '10', '6100', '5490', '5490', '0', 'Efectivo', 'Precio x Menor', 2, 3, 'Mayo', 2023, '0', '4675', '4675', '', 3),
(615, 3, 209, 10755024, 254, 1, '2023-05-03', '0', '0', '5150', '5150', '5150', '0', 'Efectivo', 'Precio x Menor', 2, 3, 'Mayo', 2023, '0', '3918', '3918', '', 3),
(616, 3, 209, 10755026, 254, 1, '2023-05-03', '0', '0', '7350', '7350', '7350', '0', 'Efectivo', 'Precio x Menor', 2, 3, 'Mayo', 2023, '0', '5620', '5620', '', 3),
(617, 3, 0, 10755644, 255, 1, '2023-05-03', '0', '0', '11270', '11270', '11270', '0', 'Efectivo', 'Precio x Menor', 2, 3, 'Mayo', 2023, '0', '8803', '8803', '', 3),
(618, 3, 0, 10755026, 255, 1, '2023-05-03', '0', '0', '7350', '7350', '7350', '0', 'Efectivo', 'Precio x Menor', 2, 3, 'Mayo', 2023, '0', '5620', '5620', '', 3),
(619, 1, 2, 5, 256, 1, '2023-05-04', '0', '0', '9150', '9150', '9150', '0', 'Efectivo', 'Precio x Menor', 1, 3, 'Mayo', 2023, '0', '3713', '3713', '', 1);
COMMIT;

/*!40101 SET CHARACTER_SET_CLIENT=@OLD_CHARACTER_SET_CLIENT */;
/*!40101 SET CHARACTER_SET_RESULTS=@OLD_CHARACTER_SET_RESULTS */;
/*!40101 SET COLLATION_CONNECTION=@OLD_COLLATION_CONNECTION */;
